"Opportunity Lead Source","Opportunity Opportunity Name","Probability_Percentage","Opportunity Quantity","Opportunity Next Step","Opportunity Campaign Name","Opportunity Stage","Opportunity Opportunity Type","Opportunity Fiscal Quarter","Opportunity Fiscal Year","Opportunity Fiscal Period","Opportunity Alternate Customer Name","Opportunity Bidding Partner Name","Opportunity Bidding Partner 2 Name","Opportunity Bidding Partner 3 Name","Opportunity Budget","Opportunity Business Drivers","Opportunity Cisco Quote Number","Opportunity Closed Years","Opportunity Confirmed Customer Approved Inventory","Opportunity Confirmed End User PO Date","Opportunity Confirmed Partner PO Submission__c","Opportunity Confirmed Quote Submission","Opportunity Co-Terming","Opportunity Deal ID","Opportunity Distributor Name","Opportunity End User PO Date","Opportunity Expired","Opportunity Incumbent Partner Name","Opportunity Inventory Reviewed Date","Opportunity LOA Needed","Opportunity LOA Completed","Opportunity Multi-National","Opportunity Multi-Year","Opportunity Multi-Year Reason","Opportunity Name Variations","Opportunity Non-Standard Pricing","Opportunity OEM SO","Opportunity Opportunity Lost Reason","Opportunity Opportunity Owned By","Opportunity Out to Bid","Opportunity PAK Count","Opportunity Partner PO Date","Opportunity Current PSDM Contact First Name","Opportunity Current PSDM Contact Lastt Name","Opportunity Proactive/Reactive","Opportunity Customer Quote Validation Date","Opportunity Required in Cisco SFDC","Opportunity Route to Market","Opportunity Transfer","Opportunity Transfer Note","Opportunity Transfer To","Opportunity Winning Partner Name","Opportunity Forecast Status","Opportunity Expired Date","Opportunity Closed","Opportunity Won","Opportunity Has Line Item","Opportunity Price Book Name","Opportunity Agent Assigned ID","Opportunity Last Activity","Opportunity Covered","Opportunity Up for Renewal","Opportunity Upgrade","Opportunity Multi-National2","Opportunity Cisco Cap","Opportunity SO Number","Opportunity Expired Amount","Opportunity Customer Contact First Name","Opportunity Customer Contact Last Name","Opportunity Partner Contact First Name","Opportunity Partner Contact Last Name","Opportunity Systems Engineer First Name","Opportunity Systems Engineer Last Name","Opportunity Deal ID URL","Opportunity Primary CSM First Name","Opportunity Primary CSM Last Name","Opportunity Cisco Account Manager First Name","Opportunity Cisco Account Manager  Last Name","Opportunity Forecast FY Start Date","Opportunity Forecast FQ Start Date","Opportunity Date Agent Reviews Inventory","Opportunity Customer Approved Inventory Date","Opportunity Unknown Amount","Booked_Percentage","Expired_Percentage","Opportunity Forecast Amount","Opportunity Forecast Date","Opportunity Description","Opportunity Forecast Category","Order Order Number","Order Booked Amount","Contract_CVS","Order Closed Years","Order Cisco Booked Date","Order Closed Channel","Order Region Code Booked To","Order Reason Full Total Wasn't Closed","Customer Account Customer Account Name","Customer Account Customer Account Number","Customer Account Customer Account Owner","Customer Account Customer Account DUNS Number","Customer Account Customer Account Parent Account Name","Customer Account Customer Account Annual Revenue","Customer Account Customer Account Bill Address Line","Customer Account Customer Account  Bill City","Customer Account Customer Account Bill State","Customer Account Customer Account Bill Postal Code","Customer Account Customer Account Bill Country","Customer Account Customer Account Ship Address Line","Customer Account Customer Account  Ship City","Customer Account Customer Account Ship State","Customer Account Customer Account Ship Postal Code","Customer Account Customer Account Ship Country","Customer Account Customer Account Description","Customer Account Customer Account Employees","Customer Account Customer Account Fax","Customer Account Customer Account Industry","Customer Account Customer Account Phone","Customer Account Customer Account","Customer Account Customer Account Bill to Install Site Name","Partner Account Partner Account Name","Partner Account Partner Account Number","Partner Account Partner Account Owner","Partner Account Partner Account DUNS Number","Partner Account Partner Account Parent Account Name","Partner Account Partner Account Annual Revenue","Partner Account Partner Account Bill Address Line","Partner Account Partner Account  Bill City","Partner Account Partner Account Bill State","Partner Account Partner Account Bill Postal Code","Partner Account Partner Account Bill Country","Partner Account Partner Account Ship Address Line","Partner Account Partner Account  Ship City","Partner Account Partner Account Ship State","Partner Account Partner Account Ship Postal Code","Partner Account Partner Account Ship Country","Partner Account Partner Account Description","Partner Account Partner Account Employees","Partner Account Partner Account Fax","Partner Account Partner Account Industry","Partner Account Partner Account Phone","Partner Account Partner Account","Partner Account Partner Account Bill to Install Site Name","Distributor Account Distributor Account Name","Distributor Account Distributor Account Number","Distributor Account Distributor Account Owner","Distributor Account Distributor Account DUNS Number","Distributor Account Distributor Account Parent Account Name","Distributor Account Distributor Account Annual Revenue","Distributor Account Distributor Account Bill Address Line","Distributor Account Distributor Account  Bill City","Distributor Account Distributor Account Bill State","Distributor Account Distributor Account Bill Postal Code","Distributor Account Distributor Account Bill Country","Distributor Account Distributor Account Ship Address Line","Distributor Account Distributor Account  Ship City","Distributor Account Distributor Account Ship State","Distributor Account Distributor Account Ship Postal Code","Distributor Account Distributor Account Ship Country","Distributor Account Distributor Account Description","Distributor Account Distributor Account Employees","Distributor Account Distributor Account Fax","Distributor Account Distributor Account Industry","Distributor Account Distributor Account Phone","Distributor Account Distributor Account","Distributor Account Distributor Account Bill to Install Site Nam","Contact Contact Type","Contact First Name","Contact Last Name","Contact Salutation","Contact Title","Contact Role","Contact Reports To","Contact Contact Owner","Contact Department","Contact Description","Contact Email","Contact Business Phone","Contact Other Phone","Contact Mobile","Contact Business Fax","Contact Home Phone","Contact Contact Mail Address Line","Contact Contact Mail City","Contact Contact Mail State","Contact Contact Mail Postal Code","Contact Contact Mail Country","Contact Contact Other Address Line","Contact Contact Other City","Contact Contact Other State","Contact Contact Other Postal Code","Contact Contact Other Country","Contact Assistant","Contact Asst Phone","Contact Lead Source","Contact Contact Status","Contact 3rd Party","Contact Best Time to Talk","Contact CCO ID","Contact Preferred Contact Method","Contact Time Zone","Contact Last Stay-in-Touch Request Date","Contact Last Stay-in-Touch Save Date","Install Site Install Site Name","Install Site  Site ID","Install Site Type","Install Site Owner ID","Install Site Billing Street","Install Site Billing City","Install Site Billing State","Install Site Billing Country","Install Site Billing Zip","Region Region Name","Region Region Code","Region Area","Region Segment","Region Theatre","Region Owner ID","Contract Contract Number","Contract Distributor Name","Contract Install Site Name","Contract Partner Name","Contract Service Level Name","Contract Billing Street","Contract Billing City","Contract Billing State","Contract Billing Country","Contract Billing Zip","Contract Contract End Date","Contract Contract Start Date","Contract Expired Amount","Contract Quarter","Contract Year","Asset Asset Name","Asset Competitor Asset","Asset Description","Asset Install Date","Asset Price","Asset Purchase Date","Asset Quantity","Asset Serial Number","Asset Status","Asset Usage End Date","Asset Original SO Number","Asset PAK Serial Number","Asset Booked/Open","Asset Instance ID","Asset Instance ID Source","Asset Linked Contract Number","Asset Partner Country","Asset Partner Name","Asset Serial Number Source","Asset Total Line Booking","Asset Order ID"
"Header Record","APJC",,,,,,,,,,,,,,,,,,,,,,,,,,,,,,,,,,,,,,,,,,,,,,,,,,,,,,,,,,,,,,,,,,,,,,,,,,,,,,,,,,,,,,,,,,,,,,,,,,,,,,,,,,,,,,,,,,,,,,,,,,,,,,,,,,,,,,,,,,,,,,,,,,,,,,,,,,,,,,,,,,,,,,,,,,,,,,,,,,,,,,,,,,,,,,,,,,,,,,,,,,,,,,,,,,,,,,,,,,,,,,,,,,,,,,,,,,,,,,,,,,,,,,,,,,,,,
,,,,,,,,"1","2015",,,,,,,,,,,,,,,,,,,,,,,,,,,,,,,,,,,,,,,,,,,,,,,,,,,,,,,,,,,,,,,,,,,,,,,,,,,,,,,,,,,,,,,,,"ANZ BANK (VIETNAM) CO., LTD",,,"201480507",,,,,,,,,,,,,,,,,,,,"NCS PTE LTD",,,"121145339",,,"5 ANG MO KIO STREET 62",,,"569141",,,"SINGAPORE",,,"SINGAPORE",,,,,,,,,,,,,,,,,,,,,,,,,,,,,,,,,,,,,,,,,,,,,,,,,,,,,,,,,,,,,,,,,,,,,,,,,,,,,,,,,,,,,,,,,,,,,,,,,,,,,,,,,,,,,,,,,,,,,,
,,,,,,,,"1","2015",,,,,,,,,,,,,,,,,,,,,,,,,,,,,,,,,,,,,,,,,,,,,,,,,,,,,,,,,,,,,,,,,,,,,,,,,,,,,,,,,,,,,,,,,"ANZ BANK (VIETNAM) CO., LTD",,,"201480507",,,,,,,,,,,,,,,,,,,,"NCS PTE LTD",,,"121145339",,,"5 ANG MO KIO STREET 62",,,"569141",,,"SINGAPORE",,,"SINGAPORE",,,,,,,,,,,,,,,,,,,,,,,,,,,,,,,,,,,,,,,,,,,,,,,,,,,,,,,,,,,,,,,,,,,,,,,,,,,,,,,,,,,,,,,,,,,,,,,,,,,,,,,,,,,,,,,,,,,,,,
,,,,,,,,"1","2015",,,,,,,,,,,,,,,,,,,,,,,,,,,,,,,,,,,,,,,,,,,,,,,,,,,,,,,,,,,,,,,,,,,,,,,,,,,,,,,,,,,,,,,,,"JNTU - JAWAHARLAL NEHRU TECHNOLOGICAL UNIVERSITY",,,"3207093",,,,,,,,,,,,,,,,,,,,"HCL COMNET LIMITED",,,"136021023",,,"KHASRA NO 416 & 417 GE_IN",,"UP","201209",,,"GHAZIABAD",,,"INDIA",,,,,,,,,,,,,,,,,,,,,,,,,,,,,,,,,,,,,,,,,,,,,,,,,,,,,,,,,,,,,,,,,,,,,,,,,,,,,,,,,,,,,,,,,,,,,,,,,,,,,,,,,,,,,,,,,,,,,,
,,,,,,,,"1","2015",,,,,,,,,,,,,,,,,,,,,,,,,,,,,,,,,,,,,,,,,,,,,,,,,,,,,,,,,,,,,,,,,,,,,,,,,,,,,,,,,,,,,,,,,"ALCATEL-LUCENT NEW ZEALAND LTD",,,"157809",,,,,,,,,,,,,,,,,,,,"GEN I WELLINGTON",,,"130997001",,,"154 FEATHERSTON STREET",,,"6011",,,"WELLINGTON",,,"NEW ZEALAND",,,,,,,,,,,,,,,,,,,,,,,,,,,,,,,,,,,,,,,,,,,,,,,,,,,,,,,,,,,,,,,,,,,,,,,,,,,,,,,,,,,,,,,,,,,,,,,,,,,,,,,,,,,,,,,,,,,,,,
,,,,,,,,"1","2015",,,,,,,,,,,,,,,,,,,,,,,,,,,,,,,,,,,,,,,,,,,,,,,,,,,,,,,,,,,,,,,,,,,,,,,,,,,,,,,,,,,,,,,,,"ALCATEL-LUCENT NEW ZEALAND LTD",,,"157809",,,,,,,,,,,,,,,,,,,,"GEN I WELLINGTON",,,"130997001",,,"154 FEATHERSTON STREET",,,"6011",,,"WELLINGTON",,,"NEW ZEALAND",,,,,,,,,,,,,,,,,,,,,,,,,,,,,,,,,,,,,,,,,,,,,,,,,,,,,,,,,,,,,,,,,,,,,,,,,,,,,,,,,,,,,,,,,,,,,,,,,,,,,,,,,,,,,,,,,,,,,,
,,,,,,,,"1","2015",,,,,,,,,,,,,,,,,,,,,,,,,,,,,,,,,,,,,,,,,,,,,,,,,,,,,,,,,,,,,,,,,,,,,,,,,,,,,,,,,,,,,,,,,"INDUST LTDBILLING RELIANCE",,,"195651469",,,,,,,,,,,,,,,,,,,,"RELIANCE CORPORATE IT PARK LTD",,,"134236057",,,"5 TTC INDUSTRIAL AREA",,"MAHARASHTRA","400701",,,"NAVI MUMBAI",,,"INDIA",,,,,,,,,,,,,,,,,,,,,,,,,,,,,,,,,,,,,,,,,,,,,,,,,,,,,,,,,,,,,,,,,,,,,,,,,,,,,,,,,,,,,,,,,,,,,,,,,,,,,,,,,,,,,,,,,,,,,,
,,,,,,,,"1","2015",,,,,,,,,,,,,,,,,,,,,,,,,,,,,,,,,,,,,,,,,,,,,,,,,,,,,,,,,,,,,,,,,,,,,,,,,,,,,,,,,,,,,,,,,"ROAD TRAFFIC AUTHORITY",,,"1998627",,,,,,,,,,,,,,,,,,,,"UXC CONNECT PTY LTD",,,"400544406",,,"ATTN: ACCOUNTS PAYABLE",,"NSW","2086",,,"FRENCHS FOREST",,,"AUSTRALIA",,,,,,,,,,,,,,,,,,,,,,,,,,,,,,,,,,,,,,,,,,,,,,,,,,,,,,,,,,,,,,,,,,,,,,,,,,,,,,,,,,,,,,,,,,,,,,,,,,,,,,,,,,,,,,,,,,,,,,
,,,,,,,,"1","2015",,,,,,,,,,,,,,,,,,,,,,,,,,,,,,,,,,,,,,,,,,,,,,,,,,,,,,,,,,,,,,,,,,,,,,,,,,,,,,,,,,,,,,,,,"CESC LTD",,,"1962230",,,,,,,,,,,,,,,,,,,,"HCL COMNET LIMITED",,,"136021023",,,"KHASRA NO 416 & 417 GE_IN",,"UP","201209",,,"GHAZIABAD",,,"INDIA",,,,,,,,,,,,,,,,,,,,,,,,,,,,,,,,,,,,,,,,,,,,,,,,,,,,,,,,,,,,,,,,,,,,,,,,,,,,,,,,,,,,,,,,,,,,,,,,,,,,,,,,,,,,,,,,,,,,,,
,,,,,,,,"1","2015",,,,,,,,,,,,,,,,,,,,,,,,,,,,,,,,,,,,,,,,,,,,,,,,,,,,,,,,,,,,,,,,,,,,,,,,,,,,,,,,,,,,,,,,,"COMPUTER SCIENCES CORPORATION INDIA PRIVATE LTD",,,"34730796",,,,,,,,,,,,,,,,,,,,"IBM INDIA PVT LTD",,,"120310039",,,"SUBRAMANYA ARCADE #12",,"KA","560029",,,"BANGALORE",,,"INDIA",,,,,,,,,,,,,,,,,,,,,,,,,,,,,,,,,,,,,,,,,,,,,,,,,,,,,,,,,,,,,,,,,,,,,,,,,,,,,,,,,,,,,,,,,,,,,,,,,,,,,,,,,,,,,,,,,,,,,,
,,,,,,,,"1","2015",,,,,,,,,,,,,,,,,,,,,,,,,,,,,,,,,,,,,,,,,,,,,,,,,,,,,,,,,,,,,,,,,,,,,,,,,,,,,,,,,,,,,,,,,"OIL AND NATURAL GAS CORPORATION LTD",,,"1719284",,,,,,,,,,,,,,,,,,,,"IBM INDIA PVT LTD",,,"120310039",,,"SUBRAMANYA ARCADE #12",,"KA","560029",,,"BANGALORE",,,"INDIA",,,,,,,,,,,,,,,,,,,,,,,,,,,,,,,,,,,,,,,,,,,,,,,,,,,,,,,,,,,,,,,,,,,,,,,,,,,,,,,,,,,,,,,,,,,,,,,,,,,,,,,,,,,,,,,,,,,,,,
,,,,,,,,"1","2015",,,,,,,,,,,,,,,,,,,,,,,,,,,,,,,,,,,,,,,,,,,,,,,,,,,,,,,,,,,,,,,,,,,,,,,,,,,,,,,,,,,,,,,,,"OIL AND NATURAL GAS CORPORATION LTD",,,"1719284",,,,,,,,,,,,,,,,,,,,"IBM INDIA PVT LTD",,,"120310039",,,"SUBRAMANYA ARCADE #12",,"KA","560029",,,"BANGALORE",,,"INDIA",,,,,,,,,,,,,,,,,,,,,,,,,,,,,,,,,,,,,,,,,,,,,,,,,,,,,,,,,,,,,,,,,,,,,,,,,,,,,,,,,,,,,,,,,,,,,,,,,,,,,,,,,,,,,,,,,,,,,,
,,,,,,,,"1","2015",,,,,,,,,,,,,,,,,,,,,,,,,,,,,,,,,,,,,,,,,,,,,,,,,,,,,,,,,,,,,,,,,,,,,,,,,,,,,,,,,,,,,,,,,"FONTERRA AUSTRALIA PTY LTD  BONLAND DAIRIES",,,"185180797",,,,,,,,,,,,,,,,,,,,"NEC AUSTRALIA PTY LTD",,,"401494073",,,"PRIVATE BAG 1111",,"VICTORIA","3170",,,"MULGRAVE",,,"AUSTRALIA",,,,,,,,,,,,,,,,,,,,,,,,,,,,,,,,,,,,,,,,,,,,,,,,,,,,,,,,,,,,,,,,,,,,,,,,,,,,,,,,,,,,,,,,,,,,,,,,,,,,,,,,,,,,,,,,,,,,,,
,,,,,,,,"1","2015",,,,,,,,,,,,,,,,,,,,,,,,,,,,,,,,,,,,,,,,,,,,,,,,,,,,,,,,,,,,,,,,,,,,,,,,,,,,,,,,,,,,,,,,,"NTT COMMUNICATIONS INDIA PRIVATE LTD",,,"194048804",,,,,,,,,,,,,,,,,,,,"WIPRO LTD",,,"121094743",,,"WIPRO INFOTECH",,"KAR.","560035",,,"BANGALORE",,,"INDIA",,,,,,,,,,,,,,,,,,,,,,,,,,,,,,,,,,,,,,,,,,,,,,,,,,,,,,,,,,,,,,,,,,,,,,,,,,,,,,,,,,,,,,,,,,,,,,,,,,,,,,,,,,,,,,,,,,,,,,
,,,,,,,,"1","2015",,,,,,,,,,,,,,,,,,,,,,,,,,,,,,,,,,,,,,,,,,,,,,,,,,,,,,,,,,,,,,,,,,,,,,,,,,,,,,,,,,,,,,,,,"ABC TECHNOLOGY COMPANY LIMITED",,,"40730862",,,,,,,,,,,,,,,,,,,,"PLANET COMMUNICATIONS ASIA PUBLIC COMPANY LIMITED",,,"133482277",,,"157 SOI RAMINDRA 34, RAMINDRA ROAD",,,"10230",,,"BANGKOK",,,"THAILAND",,,,,,,,,,,,,,,,,,,,,,,,,,,,,,,,,,,,,,,,,,,,,,,,,,,,,,,,,,,,,,,,,,,,,,,,,,,,,,,,,,,,,,,,,,,,,,,,,,,,,,,,,,,,,,,,,,,,,,
,,,,,,,,"1","2015",,,,,,,,,,,,,,,,,,,,,,,,,,,,,,,,,,,,,,,,,,,,,,,,,,,,,,,,,,,,,,,,,,,,,,,,,,,,,,,,,,,,,,,,,"BRADY CORPORATION ASIA PTE LTD",,,"40467468",,,,,,,,,,,,,,,,,,,,"DIMENSION DATA (SINGAPORE) PTE. LTD.",,,"132365996",,,"6 TEMASEK BOULEVARD",,,"038986",,,"SINGAPORE",,,"SINGAPORE",,,,,,,,,,,,,,,,,,,,,,,,,,,,,,,,,,,,,,,,,,,,,,,,,,,,,,,,,,,,,,,,,,,,,,,,,,,,,,,,,,,,,,,,,,,,,,,,,,,,,,,,,,,,,,,,,,,,,,
,,,,,,,,"1","2015",,,,,,,,,,,,,,,,,,,,,,,,,,,,,,,,,,,,,,,,,,,,,,,,,,,,,,,,,,,,,,,,,,,,,,,,,,,,,,,,,,,,,,,,,"BRADY CORPORATION ASIA PTE LTD",,,"40467468",,,,,,,,,,,,,,,,,,,,"DIMENSION DATA (SINGAPORE) PTE. LTD.",,,"132365996",,,"6 TEMASEK BOULEVARD",,,"038986",,,"SINGAPORE",,,"SINGAPORE",,,,,,,,,,,,,,,,,,,,,,,,,,,,,,,,,,,,,,,,,,,,,,,,,,,,,,,,,,,,,,,,,,,,,,,,,,,,,,,,,,,,,,,,,,,,,,,,,,,,,,,,,,,,,,,,,,,,,,
,,,,,,,,"1","2015",,,,,,,,,,,,,,,,,,,,,,,,,,,,,,,,,,,,,,,,,,,,,,,,,,,,,,,,,,,,,,,,,,,,,,,,,,,,,,,,,,,,,,,,,"YKK OCEANIA LTD",,,"130707",,,,,,,,,,,,,,,,,,,,"NCS PTE LTD",,,"121145339",,,"5 ANG MO KIO STREET 62",,,"569141",,,"SINGAPORE",,,"SINGAPORE",,,,,,,,,,,,,,,,,,,,,,,,,,,,,,,,,,,,,,,,,,,,,,,,,,,,,,,,,,,,,,,,,,,,,,,,,,,,,,,,,,,,,,,,,,,,,,,,,,,,,,,,,,,,,,,,,,,,,,
,,,,,,,,"1","2015",,,,,,,,,,,,,,,,,,,,,,,,,,,,,,,,,,,,,,,,,,,,,,,,,,,,,,,,,,,,,,,,,,,,,,,,,,,,,,,,,,,,,,,,,"CIVIL AVIATION AUTHORITY OF SINGAPORE",,,"1499224",,,,,,,,,,,,,,,,,,,,"THALES ATM PTY LTD SG BRANCH",,,"136752066",,,"21 CHANGI NORTH RISE",,,"498788",,,"SINGAPORE",,,"SINGAPORE",,,,,,,,,,,,,,,,,,,,,,,,,,,,,,,,,,,,,,,,,,,,,,,,,,,,,,,,,,,,,,,,,,,,,,,,,,,,,,,,,,,,,,,,,,,,,,,,,,,,,,,,,,,,,,,,,,,,,,
,,,,,,,,"1","2015",,,,,,,,,,,,,,,,,,,,,,,,,,,,,,,,,,,,,,,,,,,,,,,,,,,,,,,,,,,,,,,,,,,,,,,,,,,,,,,,,,,,,,,,,"BT SIAM CO.,LTD.",,,"118835565",,,,,,,,,,,,,,,,,,,,"DIMENSION DATA (THAILAND) LIMITED",,,"132342065",,,"16TH FLOOR COLUMN TOWER",,,"10110",,,"BANGKOK",,,"THAILAND",,,,,,,,,,,,,,,,,,,,,,,,,,,,,,,,,,,,,,,,,,,,,,,,,,,,,,,,,,,,,,,,,,,,,,,,,,,,,,,,,,,,,,,,,,,,,,,,,,,,,,,,,,,,,,,,,,,,,,
,,,,,,,,"1","2015",,,,,,,,,,,,,,,,,,,,,,,,,,,,,,,,,,,,,,,,,,,,,,,,,,,,,,,,,,,,,,,,,,,,,,,,,,,,,,,,,,,,,,,,,"SINARMAS LAND PT",,,"176371183",,,,,,,,,,,,,,,,,,,,"PACKET SYSTEMS INDONESIA, PT.",,,"133983784",,,"SAMPOERNA STRATEGIC SQUARE",,,"12930",,,"JAKARTA",,,"INDONESIA",,,,,,,,,,,,,,,,,,,,,,,,,,,,,,,,,,,,,,,,,,,,,,,,,,,,,,,,,,,,,,,,,,,,,,,,,,,,,,,,,,,,,,,,,,,,,,,,,,,,,,,,,,,,,,,,,,,,,,
,,,,,,,,"1","2015",,,,,,,,,,,,,,,,,,,,,,,,,,,,,,,,,,,,,,,,,,,,,,,,,,,,,,,,,,,,,,,,,,,,,,,,,,,,,,,,,,,,,,,,,"CENTRELINK",,,"1361545",,,,,,,,,,,,,,,,,,,,"DIMENSION DATA AUSTRALIA PTY LTD",,,"1855398",,,"ATTN:ACCOUNTS PAYABLE",,"NSW","2001",,,"SYDNEY",,,"AUSTRALIA",,,,,,,,,,,,,,,,,,,,,,,,,,,,,,,,,,,,,,,,,,,,,,,,,,,,,,,,,,,,,,,,,,,,,,,,,,,,,,,,,,,,,,,,,,,,,,,,,,,,,,,,,,,,,,,,,,,,,,
,,,,,,,,"1","2015",,,,,,,,,,,,,,,,,,,,,,,,,,,,,,,,,,,,,,,,,,,,,,,,,,,,,,,,,,,,,,,,,,,,,,,,,,,,,,,,,,,,,,,,,"NTT COMMUNICATIONS (THAILAND) COMPANY LIMITED",,,"195679298",,,,,,,,,,,,,,,,,,,,"DIMENSION DATA (THAILAND) LIMITED",,,"132342065",,,"16TH FLOOR COLUMN TOWER",,,"10110",,,"BANGKOK",,,"THAILAND",,,,,,,,,,,,,,,,,,,,,,,,,,,,,,,,,,,,,,,,,,,,,,,,,,,,,,,,,,,,,,,,,,,,,,,,,,,,,,,,,,,,,,,,,,,,,,,,,,,,,,,,,,,,,,,,,,,,,,
,,,,,,,,"1","2015",,,,,,,,,,,,,,,,,,,,,,,,,,,,,,,,,,,,,,,,,,,,,,,,,,,,,,,,,,,,,,,,,,,,,,,,,,,,,,,,,,,,,,,,,"OFFICE OF AGRICULTURAL ECONOMICS",,,"40573724",,,,,,,,,,,,,,,,,,,,"THE COMMUNICATION SOLUTION COLTD",,,"132930717",,,"127/20",,"BANGKOK","10120",,,"BANGKOK",,,"THAILAND",,,,,,,,,,,,,,,,,,,,,,,,,,,,,,,,,,,,,,,,,,,,,,,,,,,,,,,,,,,,,,,,,,,,,,,,,,,,,,,,,,,,,,,,,,,,,,,,,,,,,,,,,,,,,,,,,,,,,,
,,,,,,,,"1","2015",,,,,,,,,,,,,,,,,,,,,,,,,,,,,,,,,,,,,,,,,,,,,,,,,,,,,,,,,,,,,,,,,,,,,,,,,,,,,,,,,,,,,,,,,"OFFICE OF AGRICULTURAL ECONOMICS",,,"40573724",,,,,,,,,,,,,,,,,,,,"THE COMMUNICATION SOLUTION COLTD",,,"132930717",,,"127/20",,"BANGKOK","10120",,,"BANGKOK",,,"THAILAND",,,,,,,,,,,,,,,,,,,,,,,,,,,,,,,,,,,,,,,,,,,,,,,,,,,,,,,,,,,,,,,,,,,,,,,,,,,,,,,,,,,,,,,,,,,,,,,,,,,,,,,,,,,,,,,,,,,,,,
,,,,,,,,"1","2015",,,,,,,,,,,,,,,,,,,,,,,,,,,,,,,,,,,,,,,,,,,,,,,,,,,,,,,,,,,,,,,,,,,,,,,,,,,,,,,,,,,,,,,,,"SEAGATE INTERNATIONAL JOHOR SDN BHD",,,"144510786",,,,,,,,,,,,,,,,,,,,"NCS PTE LTD",,,"121145339",,,"5 ANG MO KIO STREET 62",,,"569141",,,"SINGAPORE",,,"SINGAPORE",,,,,,,,,,,,,,,,,,,,,,,,,,,,,,,,,,,,,,,,,,,,,,,,,,,,,,,,,,,,,,,,,,,,,,,,,,,,,,,,,,,,,,,,,,,,,,,,,,,,,,,,,,,,,,,,,,,,,,
,,,,,,,,"1","2015",,,,,,,,,,,,,,,,,,,,,,,,,,,,,,,,,,,,,,,,,,,,,,,,,,,,,,,,,,,,,,,,,,,,,,,,,,,,,,,,,,,,,,,,,"MINISTRY OF DEFENCE",,,"1599229",,,,,,,,,,,,,,,,,,,,"NCS PTE LTD",,,"121145339",,,"5 ANG MO KIO STREET 62",,,"569141",,,"SINGAPORE",,,"SINGAPORE",,,,,,,,,,,,,,,,,,,,,,,,,,,,,,,,,,,,,,,,,,,,,,,,,,,,,,,,,,,,,,,,,,,,,,,,,,,,,,,,,,,,,,,,,,,,,,,,,,,,,,,,,,,,,,,,,,,,,,
,,,,,,,,"1","2015",,,,,,,,,,,,,,,,,,,,,,,,,,,,,,,,,,,,,,,,,,,,,,,,,,,,,,,,,,,,,,,,,,,,,,,,,,,,,,,,,,,,,,,,,"INCITEC PIVOT LTD",,,"1723063",,,,,,,,,,,,,,,,,,,,"TELSTRA IVISION PTY LTD",,,"410679911",,,"LEVEL 26 242 EXHIBITION STREET",,"VICTORIA","3000",,,"MELBOURNE",,,"AUSTRALIA",,,,,,,,,,,,,,,,,,,,,,,,,,,,,,,,,,,,,,,,,,,,,,,,,,,,,,,,,,,,,,,,,,,,,,,,,,,,,,,,,,,,,,,,,,,,,,,,,,,,,,,,,,,,,,,,,,,,,,
,,,,,,,,"1","2015",,,,,,,,,,,,,,,,,,,,,,,,,,,,,,,,,,,,,,,,,,,,,,,,,,,,,,,,,,,,,,,,,,,,,,,,,,,,,,,,,,,,,,,,,"INCITEC PIVOT LTD",,,"1723063",,,,,,,,,,,,,,,,,,,,"TELSTRA IVISION PTY LTD",,,"410679911",,,"LEVEL 26 242 EXHIBITION STREET",,"VICTORIA","3000",,,"MELBOURNE",,,"AUSTRALIA",,,,,,,,,,,,,,,,,,,,,,,,,,,,,,,,,,,,,,,,,,,,,,,,,,,,,,,,,,,,,,,,,,,,,,,,,,,,,,,,,,,,,,,,,,,,,,,,,,,,,,,,,,,,,,,,,,,,,,
,,,,,,,,"1","2015",,,,,,,,,,,,,,,,,,,,,,,,,,,,,,,,,,,,,,,,,,,,,,,,,,,,,,,,,,,,,,,,,,,,,,,,,,,,,,,,,,,,,,,,,"AUCKLAND DISTRICT HEALTH BOARD",,,"2924698",,,,,,,,,,,,,,,,,,,,"IBM NEW ZEALAND LTD",,,"121599112",,,"PO BOX 38993",,,"5045",,,"LOWER HUTT",,,"NEW ZEALAND",,,,,,,,,,,,,,,,,,,,,,,,,,,,,,,,,,,,,,,,,,,,,,,,,,,,,,,,,,,,,,,,,,,,,,,,,,,,,,,,,,,,,,,,,,,,,,,,,,,,,,,,,,,,,,,,,,,,,,
,,,,,,,,"1","2015",,,,,,,,,,,,,,,,,,,,,,,,,,,,,,,,,,,,,,,,,,,,,,,,,,,,,,,,,,,,,,,,,,,,,,,,,,,,,,,,,,,,,,,,,"BRADY CORPORATION ASIA PTE LTD",,,"40467468",,,,,,,,,,,,,,,,,,,,"DIMENSION DATA (SINGAPORE) PTE. LTD.",,,"132365996",,,"6 TEMASEK BOULEVARD",,,"038986",,,"SINGAPORE",,,"SINGAPORE",,,,,,,,,,,,,,,,,,,,,,,,,,,,,,,,,,,,,,,,,,,,,,,,,,,,,,,,,,,,,,,,,,,,,,,,,,,,,,,,,,,,,,,,,,,,,,,,,,,,,,,,,,,,,,,,,,,,,,
,,,,,,,,"1","2015",,,,,,,,,,,,,,,,,,,,,,,,,,,,,,,,,,,,,,,,,,,,,,,,,,,,,,,,,,,,,,,,,,,,,,,,,,,,,,,,,,,,,,,,,"WYETH NUTRITIONALS (SINGAPORE) PTE. LTD.",,,"10843742",,,,,,,,,,,,,,,,,,,,"DIMENSION DATA (SINGAPORE) PTE. LTD.",,,"132365996",,,"6 TEMASEK BOULEVARD",,,"038986",,,"SINGAPORE",,,"SINGAPORE",,,,,,,,,,,,,,,,,,,,,,,,,,,,,,,,,,,,,,,,,,,,,,,,,,,,,,,,,,,,,,,,,,,,,,,,,,,,,,,,,,,,,,,,,,,,,,,,,,,,,,,,,,,,,,,,,,,,,,
,,,,,,,,"1","2015",,,,,,,,,,,,,,,,,,,,,,,,,,,,,,,,,,,,,,,,,,,,,,,,,,,,,,,,,,,,,,,,,,,,,,,,,,,,,,,,,,,,,,,,,"CJ FREELAND & C SAXON & GV SHERRY & R STONE",,,"1075148",,,,,,,,,,,,,,,,,,,,"TELSTRA IVISION PTY LTD",,,"410679911",,,"LEVEL 26 242 EXHIBITION STREET",,"VICTORIA","3000",,,"MELBOURNE",,,"AUSTRALIA",,,,,,,,,,,,,,,,,,,,,,,,,,,,,,,,,,,,,,,,,,,,,,,,,,,,,,,,,,,,,,,,,,,,,,,,,,,,,,,,,,,,,,,,,,,,,,,,,,,,,,,,,,,,,,,,,,,,,,
,,,,,,,,"1","2015",,,,,,,,,,,,,,,,,,,,,,,,,,,,,,,,,,,,,,,,,,,,,,,,,,,,,,,,,,,,,,,,,,,,,,,,,,,,,,,,,,,,,,,,,"SAHARA INDIA LTD",,,"112665092",,,,,,,,,,,,,,,,,,,,"WIPRO LTD",,,"121094743",,,"WIPRO INFOTECH",,"KAR.","560035",,,"BANGALORE",,,"INDIA",,,,,,,,,,,,,,,,,,,,,,,,,,,,,,,,,,,,,,,,,,,,,,,,,,,,,,,,,,,,,,,,,,,,,,,,,,,,,,,,,,,,,,,,,,,,,,,,,,,,,,,,,,,,,,,,,,,,,,
,,,,,,,,"1","2015",,,,,,,,,,,,,,,,,,,,,,,,,,,,,,,,,,,,,,,,,,,,,,,,,,,,,,,,,,,,,,,,,,,,,,,,,,,,,,,,,,,,,,,,,"SAHARA INDIA LTD",,,"112665092",,,,,,,,,,,,,,,,,,,,"WIPRO LTD",,,"121094743",,,"WIPRO INFOTECH",,"KAR.","560035",,,"BANGALORE",,,"INDIA",,,,,,,,,,,,,,,,,,,,,,,,,,,,,,,,,,,,,,,,,,,,,,,,,,,,,,,,,,,,,,,,,,,,,,,,,,,,,,,,,,,,,,,,,,,,,,,,,,,,,,,,,,,,,,,,,,,,,,
,,,,,,,,"1","2015",,,,,,,,,,,,,,,,,,,,,,,,,,,,,,,,,,,,,,,,,,,,,,,,,,,,,,,,,,,,,,,,,,,,,,,,,,,,,,,,,,,,,,,,,"INTERGLOBE TECHNOLOGIES PRIVATE LTD",,,"78988526",,,,,,,,,,,,,,,,,,,,"WIPRO LTD",,,"121094743",,,"WIPRO INFOTECH",,"KAR.","560035",,,"BANGALORE",,,"INDIA",,,,,,,,,,,,,,,,,,,,,,,,,,,,,,,,,,,,,,,,,,,,,,,,,,,,,,,,,,,,,,,,,,,,,,,,,,,,,,,,,,,,,,,,,,,,,,,,,,,,,,,,,,,,,,,,,,,,,,
,,,,,,,,"1","2015",,,,,,,,,,,,,,,,,,,,,,,,,,,,,,,,,,,,,,,,,,,,,,,,,,,,,,,,,,,,,,,,,,,,,,,,,,,,,,,,,,,,,,,,,"EQUINIX CORPORATION LTD",,,"37473104",,,,,,,,,,,,,,,,,,,,"DIMENSION DATA (SINGAPORE) PTE. LTD.",,,"132365996",,,"6 TEMASEK BOULEVARD",,,"038986",,,"SINGAPORE",,,"SINGAPORE",,,,,,,,,,,,,,,,,,,,,,,,,,,,,,,,,,,,,,,,,,,,,,,,,,,,,,,,,,,,,,,,,,,,,,,,,,,,,,,,,,,,,,,,,,,,,,,,,,,,,,,,,,,,,,,,,,,,,,
,,,,,,,,"1","2015",,,,,,,,,,,,,,,,,,,,,,,,,,,,,,,,,,,,,,,,,,,,,,,,,,,,,,,,,,,,,,,,,,,,,,,,,,,,,,,,,,,,,,,,,"ESSENTIAL ENERGY",,,"1100126",,,,,,,,,,,,,,,,,,,,"UXC CONNECT PTY LTD",,,"400544406",,,"ATTN: ACCOUNTS PAYABLE",,"NSW","2086",,,"FRENCHS FOREST",,,"AUSTRALIA",,,,,,,,,,,,,,,,,,,,,,,,,,,,,,,,,,,,,,,,,,,,,,,,,,,,,,,,,,,,,,,,,,,,,,,,,,,,,,,,,,,,,,,,,,,,,,,,,,,,,,,,,,,,,,,,,,,,,,
,,,,,,,,"1","2015",,,,,,,,,,,,,,,,,,,,,,,,,,,,,,,,,,,,,,,,,,,,,,,,,,,,,,,,,,,,,,,,,,,,,,,,,,,,,,,,,,,,,,,,,"LANTIQ COMMUNICATIONS INDIA PVT LTD",,,"196372255",,,,,,,,,,,,,,,,,,,,"MOSSAD SERVICES PTE LTD",,,"122646010",,,"BLK 9004 TAMPINES ST 93 #04 108 TAMPINES IND PARK A",,,"528838",,,"SINGAPORE",,,"SINGAPORE",,,,,,,,,,,,,,,,,,,,,,,,,,,,,,,,,,,,,,,,,,,,,,,,,,,,,,,,,,,,,,,,,,,,,,,,,,,,,,,,,,,,,,,,,,,,,,,,,,,,,,,,,,,,,,,,,,,,,,
,,,,,,,,"1","2015",,,,,,,,,,,,,,,,,,,,,,,,,,,,,,,,,,,,,,,,,,,,,,,,,,,,,,,,,,,,,,,,,,,,,,,,,,,,,,,,,,,,,,,,,"NATIONAL ITMX COMPANY LTD",,,"42963147",,,,,,,,,,,,,,,,,,,,"IBM THAILAND COMPANY LTD",,,"120708383",,,"388 PHAHOLYOTHIN ROAD",,,"10400",,,"BANGKOK",,,"THAILAND",,,,,,,,,,,,,,,,,,,,,,,,,,,,,,,,,,,,,,,,,,,,,,,,,,,,,,,,,,,,,,,,,,,,,,,,,,,,,,,,,,,,,,,,,,,,,,,,,,,,,,,,,,,,,,,,,,,,,,
,,,,,,,,"1","2015",,,,,,,,,,,,,,,,,,,,,,,,,,,,,,,,,,,,,,,,,,,,,,,,,,,,,,,,,,,,,,,,,,,,,,,,,,,,,,,,,,,,,,,,,"KODAK INDIA PRIVATE LTD",,,"143136",,,,,,,,,,,,,,,,,,,,"WIPRO LTD",,,"121094743",,,"WIPRO INFOTECH",,"KAR.","560035",,,"BANGALORE",,,"INDIA",,,,,,,,,,,,,,,,,,,,,,,,,,,,,,,,,,,,,,,,,,,,,,,,,,,,,,,,,,,,,,,,,,,,,,,,,,,,,,,,,,,,,,,,,,,,,,,,,,,,,,,,,,,,,,,,,,,,,,
,,,,,,,,"1","2015",,,,,,,,,,,,,,,,,,,,,,,,,,,,,,,,,,,,,,,,,,,,,,,,,,,,,,,,,,,,,,,,,,,,,,,,,,,,,,,,,,,,,,,,,"KODAK INDIA PRIVATE LTD",,,"143136",,,,,,,,,,,,,,,,,,,,"WIPRO LTD",,,"121094743",,,"WIPRO INFOTECH",,"KAR.","560035",,,"BANGALORE",,,"INDIA",,,,,,,,,,,,,,,,,,,,,,,,,,,,,,,,,,,,,,,,,,,,,,,,,,,,,,,,,,,,,,,,,,,,,,,,,,,,,,,,,,,,,,,,,,,,,,,,,,,,,,,,,,,,,,,,,,,,,,
,,,,,,,,"1","2015",,,,,,,,,,,,,,,,,,,,,,,,,,,,,,,,,,,,,,,,,,,,,,,,,,,,,,,,,,,,,,,,,,,,,,,,,,,,,,,,,,,,,,,,,"ESSENTIAL ENERGY",,,"1100126",,,,,,,,,,,,,,,,,,,,"UXC CONNECT PTY LTD",,,"400544406",,,"ATTN: ACCOUNTS PAYABLE",,"NSW","2086",,,"FRENCHS FOREST",,,"AUSTRALIA",,,,,,,,,,,,,,,,,,,,,,,,,,,,,,,,,,,,,,,,,,,,,,,,,,,,,,,,,,,,,,,,,,,,,,,,,,,,,,,,,,,,,,,,,,,,,,,,,,,,,,,,,,,,,,,,,,,,,,
,,,,,,,,"1","2015",,,,,,,,,,,,,,,,,,,,,,,,,,,,,,,,,,,,,,,,,,,,,,,,,,,,,,,,,,,,,,,,,,,,,,,,,,,,,,,,,,,,,,,,,"UXC CONNECT INTEG PTY LTD",,,"2596690",,,,,,,,,,,,,,,,,,,,"UXC CONNECT PTY LTD",,,"400544406",,,"ATTN: ACCOUNTS PAYABLE",,"NSW","2086",,,"FRENCHS FOREST",,,"AUSTRALIA",,,,,,,,,,,,,,,,,,,,,,,,,,,,,,,,,,,,,,,,,,,,,,,,,,,,,,,,,,,,,,,,,,,,,,,,,,,,,,,,,,,,,,,,,,,,,,,,,,,,,,,,,,,,,,,,,,,,,,
,,,,,,,,"1","2015",,,,,,,,,,,,,,,,,,,,,,,,,,,,,,,,,,,,,,,,,,,,,,,,,,,,,,,,,,,,,,,,,,,,,,,,,,,,,,,,,,,,,,,,,"ESSENTIAL ENERGY",,,"1100126",,,,,,,,,,,,,,,,,,,,"UXC CONNECT PTY LTD",,,"400544406",,,"ATTN: ACCOUNTS PAYABLE",,"NSW","2086",,,"FRENCHS FOREST",,,"AUSTRALIA",,,,,,,,,,,,,,,,,,,,,,,,,,,,,,,,,,,,,,,,,,,,,,,,,,,,,,,,,,,,,,,,,,,,,,,,,,,,,,,,,,,,,,,,,,,,,,,,,,,,,,,,,,,,,,,,,,,,,,
,,,,,,,,"1","2015",,,,,,,,,,,,,,,,,,,,,,,,,,,,,,,,,,,,,,,,,,,,,,,,,,,,,,,,,,,,,,,,,,,,,,,,,,,,,,,,,,,,,,,,,"ESSENTIAL ENERGY",,,"1100126",,,,,,,,,,,,,,,,,,,,"UXC CONNECT PTY LTD",,,"400544406",,,"ATTN: ACCOUNTS PAYABLE",,"NSW","2086",,,"FRENCHS FOREST",,,"AUSTRALIA",,,,,,,,,,,,,,,,,,,,,,,,,,,,,,,,,,,,,,,,,,,,,,,,,,,,,,,,,,,,,,,,,,,,,,,,,,,,,,,,,,,,,,,,,,,,,,,,,,,,,,,,,,,,,,,,,,,,,,
,,,,,,,,"1","2015",,,,,,,,,,,,,,,,,,,,,,,,,,,,,,,,,,,,,,,,,,,,,,,,,,,,,,,,,,,,,,,,,,,,,,,,,,,,,,,,,,,,,,,,,"ESSENTIAL ENERGY",,,"1100126",,,,,,,,,,,,,,,,,,,,"UXC CONNECT PTY LTD",,,"400544406",,,"ATTN: ACCOUNTS PAYABLE",,"NSW","2086",,,"FRENCHS FOREST",,,"AUSTRALIA",,,,,,,,,,,,,,,,,,,,,,,,,,,,,,,,,,,,,,,,,,,,,,,,,,,,,,,,,,,,,,,,,,,,,,,,,,,,,,,,,,,,,,,,,,,,,,,,,,,,,,,,,,,,,,,,,,,,,,
,,,,,,,,"1","2015",,,,,,,,,,,,,,,,,,,,,,,,,,,,,,,,,,,,,,,,,,,,,,,,,,,,,,,,,,,,,,,,,,,,,,,,,,,,,,,,,,,,,,,,,"ESSENTIAL ENERGY",,,"1100126",,,,,,,,,,,,,,,,,,,,"UXC CONNECT PTY LTD",,,"400544406",,,"ATTN: ACCOUNTS PAYABLE",,"NSW","2086",,,"FRENCHS FOREST",,,"AUSTRALIA",,,,,,,,,,,,,,,,,,,,,,,,,,,,,,,,,,,,,,,,,,,,,,,,,,,,,,,,,,,,,,,,,,,,,,,,,,,,,,,,,,,,,,,,,,,,,,,,,,,,,,,,,,,,,,,,,,,,,,
,,,,,,,,"1","2015",,,,,,,,,,,,,,,,,,,,,,,,,,,,,,,,,,,,,,,,,,,,,,,,,,,,,,,,,,,,,,,,,,,,,,,,,,,,,,,,,,,,,,,,,"ESSENTIAL ENERGY",,,"1100126",,,,,,,,,,,,,,,,,,,,"UXC CONNECT PTY LTD",,,"400544406",,,"ATTN: ACCOUNTS PAYABLE",,"NSW","2086",,,"FRENCHS FOREST",,,"AUSTRALIA",,,,,,,,,,,,,,,,,,,,,,,,,,,,,,,,,,,,,,,,,,,,,,,,,,,,,,,,,,,,,,,,,,,,,,,,,,,,,,,,,,,,,,,,,,,,,,,,,,,,,,,,,,,,,,,,,,,,,,
,,,,,,,,"1","2015",,,,,,,,,,,,,,,,,,,,,,,,,,,,,,,,,,,,,,,,,,,,,,,,,,,,,,,,,,,,,,,,,,,,,,,,,,,,,,,,,,,,,,,,,"SPARQ SOLUTIONS PTY LTD",,,"34689781",,,,,,,,,,,,,,,,,,,,"TELSTRA IVISION PTY LTD",,,"410679911",,,"LEVEL 26 242 EXHIBITION STREET",,"VICTORIA","3000",,,"MELBOURNE",,,"AUSTRALIA",,,,,,,,,,,,,,,,,,,,,,,,,,,,,,,,,,,,,,,,,,,,,,,,,,,,,,,,,,,,,,,,,,,,,,,,,,,,,,,,,,,,,,,,,,,,,,,,,,,,,,,,,,,,,,,,,,,,,,
,,,,,,,,"1","2015",,,,,,,,,,,,,,,,,,,,,,,,,,,,,,,,,,,,,,,,,,,,,,,,,,,,,,,,,,,,,,,,,,,,,,,,,,,,,,,,,,,,,,,,,"SINARMAS LAND PT",,,"176371183",,,,,,,,,,,,,,,,,,,,"PACKET SYSTEMS INDONESIA, PT.",,,"133983784",,,"SAMPOERNA STRATEGIC SQUARE",,,"12930",,,"JAKARTA",,,"INDONESIA",,,,,,,,,,,,,,,,,,,,,,,,,,,,,,,,,,,,,,,,,,,,,,,,,,,,,,,,,,,,,,,,,,,,,,,,,,,,,,,,,,,,,,,,,,,,,,,,,,,,,,,,,,,,,,,,,,,,,,
,,,,,,,,"1","2015",,,,,,,,,,,,,,,,,,,,,,,,,,,,,,,,,,,,,,,,,,,,,,,,,,,,,,,,,,,,,,,,,,,,,,,,,,,,,,,,,,,,,,,,,"ITPSS SDN BHD",,,"181124368",,,,,,,,,,,,,,,,,,,,"ESURIA MENTARI SYSTEMS SDN BHD",,,"122744877",,,"UNIT 9 1ST FLOOR BLK A KIARONG COMPLEX",,,"BE1318",,,"BRUNEI DARUSSALAM",,,"BRUNEI DARUSSALAM",,,,,,,,,,,,,,,,,,,,,,,,,,,,,,,,,,,,,,,,,,,,,,,,,,,,,,,,,,,,,,,,,,,,,,,,,,,,,,,,,,,,,,,,,,,,,,,,,,,,,,,,,,,,,,,,,,,,,,
,,,,,,,,"1","2015",,,,,,,,,,,,,,,,,,,,,,,,,,,,,,,,,,,,,,,,,,,,,,,,,,,,,,,,,,,,,,,,,,,,,,,,,,,,,,,,,,,,,,,,,"MEDIACORP NEWS PTE LTD",,,"2326930",,,,,,,,,,,,,,,,,,,,"NCS PTE LTD",,,"121145339",,,"5 ANG MO KIO STREET 62",,,"569141",,,"SINGAPORE",,,"SINGAPORE",,,,,,,,,,,,,,,,,,,,,,,,,,,,,,,,,,,,,,,,,,,,,,,,,,,,,,,,,,,,,,,,,,,,,,,,,,,,,,,,,,,,,,,,,,,,,,,,,,,,,,,,,,,,,,,,,,,,,,
,,,,,,,,"1","2015",,,,,,,,,,,,,,,,,,,,,,,,,,,,,,,,,,,,,,,,,,,,,,,,,,,,,,,,,,,,,,,,,,,,,,,,,,,,,,,,,,,,,,,,,"MELBOURNE ON THE WATER",,,"10843145",,,,,,,,,,,,,,,,,,,,"DIMENSION DATA AUSTRALIA PTY LTD",,,"1855398",,,"ATTN:ACCOUNTS PAYABLE",,"NSW","2001",,,"SYDNEY",,,"AUSTRALIA",,,,,,,,,,,,,,,,,,,,,,,,,,,,,,,,,,,,,,,,,,,,,,,,,,,,,,,,,,,,,,,,,,,,,,,,,,,,,,,,,,,,,,,,,,,,,,,,,,,,,,,,,,,,,,,,,,,,,,
,,,,,,,,"1","2015",,,,,,,,,,,,,,,,,,,,,,,,,,,,,,,,,,,,,,,,,,,,,,,,,,,,,,,,,,,,,,,,,,,,,,,,,,,,,,,,,,,,,,,,,"TRANSPOWER NEW ZEALAND LTD",,,"1335743",,,,,,,,,,,,,,,,,,,,"DIMENSION DATA NEW ZEALAND LTD",,,"136564579",,,"PO BOX 2397",,,"-",,,"WELLINGTON",,,"NEW ZEALAND",,,,,,,,,,,,,,,,,,,,,,,,,,,,,,,,,,,,,,,,,,,,,,,,,,,,,,,,,,,,,,,,,,,,,,,,,,,,,,,,,,,,,,,,,,,,,,,,,,,,,,,,,,,,,,,,,,,,,,
,,,,,,,,"1","2015",,,,,,,,,,,,,,,,,,,,,,,,,,,,,,,,,,,,,,,,,,,,,,,,,,,,,,,,,,,,,,,,,,,,,,,,,,,,,,,,,,,,,,,,,"C S E C LIMITED",,,"135907743",,,,,,,,,,,,,,,,,,,,"HCL COMNET LIMITED",,,"136021023",,,"KHASRA NO 416 & 417 GE_IN",,"UP","201209",,,"GHAZIABAD",,,"INDIA",,,,,,,,,,,,,,,,,,,,,,,,,,,,,,,,,,,,,,,,,,,,,,,,,,,,,,,,,,,,,,,,,,,,,,,,,,,,,,,,,,,,,,,,,,,,,,,,,,,,,,,,,,,,,,,,,,,,,,
,,,,,,,,"1","2015",,,,,,,,,,,,,,,,,,,,,,,,,,,,,,,,,,,,,,,,,,,,,,,,,,,,,,,,,,,,,,,,,,,,,,,,,,,,,,,,,,,,,,,,,"CESC LTD",,,"1962230",,,,,,,,,,,,,,,,,,,,"HCL COMNET LIMITED",,,"136021023",,,"KHASRA NO 416 & 417 GE_IN",,"UP","201209",,,"GHAZIABAD",,,"INDIA",,,,,,,,,,,,,,,,,,,,,,,,,,,,,,,,,,,,,,,,,,,,,,,,,,,,,,,,,,,,,,,,,,,,,,,,,,,,,,,,,,,,,,,,,,,,,,,,,,,,,,,,,,,,,,,,,,,,,,
,,,,,,,,"1","2015",,,,,,,,,,,,,,,,,,,,,,,,,,,,,,,,,,,,,,,,,,,,,,,,,,,,,,,,,,,,,,,,,,,,,,,,,,,,,,,,,,,,,,,,,"INDIAN INSTITUTE OF TECHNOLOGY DELHI",,,"1887136",,,,,,,,,,,,,,,,,,,,"PROACTIVE DATA SYSTEMS PRIVATE LIMITED",,,"133989928",,,"SECOND FLOOR, ADMINISTRATIVE BUILDING (GE_IN),",,"DELHI","110020",,,"NEW DELHI",,,"INDIA",,,,,,,,,,,,,,,,,,,,,,,,,,,,,,,,,,,,,,,,,,,,,,,,,,,,,,,,,,,,,,,,,,,,,,,,,,,,,,,,,,,,,,,,,,,,,,,,,,,,,,,,,,,,,,,,,,,,,,
,,,,,,,,"1","2015",,,,,,,,,,,,,,,,,,,,,,,,,,,,,,,,,,,,,,,,,,,,,,,,,,,,,,,,,,,,,,,,,,,,,,,,,,,,,,,,,,,,,,,,,"THE WALT DISNEY COMPANY SOUTHEAST ASIA PTE LTD",,,"3082862",,,,,,,,,,,,,,,,,,,,"DIMENSION DATA (SINGAPORE) PTE. LTD.",,,"132365996",,,"6 TEMASEK BOULEVARD",,,"038986",,,"SINGAPORE",,,"SINGAPORE",,,,,,,,,,,,,,,,,,,,,,,,,,,,,,,,,,,,,,,,,,,,,,,,,,,,,,,,,,,,,,,,,,,,,,,,,,,,,,,,,,,,,,,,,,,,,,,,,,,,,,,,,,,,,,,,,,,,,,
,,,,,,,,"1","2015",,,,,,,,,,,,,,,,,,,,,,,,,,,,,,,,,,,,,,,,,,,,,,,,,,,,,,,,,,,,,,,,,,,,,,,,,,,,,,,,,,,,,,,,,"SPARQ SOLUTIONS PTY LTD",,,"34689781",,,,,,,,,,,,,,,,,,,,"TELSTRA IVISION PTY LTD",,,"410679911",,,"LEVEL 26 242 EXHIBITION STREET",,"VICTORIA","3000",,,"MELBOURNE",,,"AUSTRALIA",,,,,,,,,,,,,,,,,,,,,,,,,,,,,,,,,,,,,,,,,,,,,,,,,,,,,,,,,,,,,,,,,,,,,,,,,,,,,,,,,,,,,,,,,,,,,,,,,,,,,,,,,,,,,,,,,,,,,,
,,,,,,,,"1","2015",,,,,,,,,,,,,,,,,,,,,,,,,,,,,,,,,,,,,,,,,,,,,,,,,,,,,,,,,,,,,,,,,,,,,,,,,,,,,,,,,,,,,,,,,"SPARQ SOLUTIONS PTY LTD",,,"34689781",,,,,,,,,,,,,,,,,,,,"TELSTRA IVISION PTY LTD",,,"410679911",,,"LEVEL 26 242 EXHIBITION STREET",,"VICTORIA","3000",,,"MELBOURNE",,,"AUSTRALIA",,,,,,,,,,,,,,,,,,,,,,,,,,,,,,,,,,,,,,,,,,,,,,,,,,,,,,,,,,,,,,,,,,,,,,,,,,,,,,,,,,,,,,,,,,,,,,,,,,,,,,,,,,,,,,,,,,,,,,
,,,,,,,,"1","2015",,,,,,,,,,,,,,,,,,,,,,,,,,,,,,,,,,,,,,,,,,,,,,,,,,,,,,,,,,,,,,,,,,,,,,,,,,,,,,,,,,,,,,,,,"RESORTS WORLD AT SENTOSA PTE LTD",,,"62689863",,,,,,,,,,,,,,,,,,,,"DIMENSION DATA (SINGAPORE) PTE. LTD.",,,"132365996",,,"6 TEMASEK BOULEVARD",,,"038986",,,"SINGAPORE",,,"SINGAPORE",,,,,,,,,,,,,,,,,,,,,,,,,,,,,,,,,,,,,,,,,,,,,,,,,,,,,,,,,,,,,,,,,,,,,,,,,,,,,,,,,,,,,,,,,,,,,,,,,,,,,,,,,,,,,,,,,,,,,,
,,,,,,,,"1","2015",,,,,,,,,,,,,,,,,,,,,,,,,,,,,,,,,,,,,,,,,,,,,,,,,,,,,,,,,,,,,,,,,,,,,,,,,,,,,,,,,,,,,,,,,"RESORTS WORLD AT SENTOSA PTE LTD",,,"62689863",,,,,,,,,,,,,,,,,,,,"DIMENSION DATA (SINGAPORE) PTE. LTD.",,,"132365996",,,"6 TEMASEK BOULEVARD",,,"038986",,,"SINGAPORE",,,"SINGAPORE",,,,,,,,,,,,,,,,,,,,,,,,,,,,,,,,,,,,,,,,,,,,,,,,,,,,,,,,,,,,,,,,,,,,,,,,,,,,,,,,,,,,,,,,,,,,,,,,,,,,,,,,,,,,,,,,,,,,,,
,,,,,,,,"1","2015",,,,,,,,,,,,,,,,,,,,,,,,,,,,,,,,,,,,,,,,,,,,,,,,,,,,,,,,,,,,,,,,,,,,,,,,,,,,,,,,,,,,,,,,,"RESORTS WORLD AT SENTOSA PTE LTD",,,"62689863",,,,,,,,,,,,,,,,,,,,"DIMENSION DATA (SINGAPORE) PTE. LTD.",,,"132365996",,,"6 TEMASEK BOULEVARD",,,"038986",,,"SINGAPORE",,,"SINGAPORE",,,,,,,,,,,,,,,,,,,,,,,,,,,,,,,,,,,,,,,,,,,,,,,,,,,,,,,,,,,,,,,,,,,,,,,,,,,,,,,,,,,,,,,,,,,,,,,,,,,,,,,,,,,,,,,,,,,,,,
,,,,,,,,"1","2015",,,,,,,,,,,,,,,,,,,,,,,,,,,,,,,,,,,,,,,,,,,,,,,,,,,,,,,,,,,,,,,,,,,,,,,,,,,,,,,,,,,,,,,,,"RESORTS WORLD AT SENTOSA PTE LTD",,,"62689863",,,,,,,,,,,,,,,,,,,,"DIMENSION DATA (SINGAPORE) PTE. LTD.",,,"132365996",,,"6 TEMASEK BOULEVARD",,,"038986",,,"SINGAPORE",,,"SINGAPORE",,,,,,,,,,,,,,,,,,,,,,,,,,,,,,,,,,,,,,,,,,,,,,,,,,,,,,,,,,,,,,,,,,,,,,,,,,,,,,,,,,,,,,,,,,,,,,,,,,,,,,,,,,,,,,,,,,,,,,
,,,,,,,,"1","2015",,,,,,,,,,,,,,,,,,,,,,,,,,,,,,,,,,,,,,,,,,,,,,,,,,,,,,,,,,,,,,,,,,,,,,,,,,,,,,,,,,,,,,,,,"RESORTS WORLD AT SENTOSA PTE LTD",,,"62689863",,,,,,,,,,,,,,,,,,,,"DIMENSION DATA (SINGAPORE) PTE. LTD.",,,"132365996",,,"6 TEMASEK BOULEVARD",,,"038986",,,"SINGAPORE",,,"SINGAPORE",,,,,,,,,,,,,,,,,,,,,,,,,,,,,,,,,,,,,,,,,,,,,,,,,,,,,,,,,,,,,,,,,,,,,,,,,,,,,,,,,,,,,,,,,,,,,,,,,,,,,,,,,,,,,,,,,,,,,,
,,,,,,,,"1","2015",,,,,,,,,,,,,,,,,,,,,,,,,,,,,,,,,,,,,,,,,,,,,,,,,,,,,,,,,,,,,,,,,,,,,,,,,,,,,,,,,,,,,,,,,"PHILLIPS 66 INTERNATIONAL INC",,,"1940097",,,,,,,,,,,,,,,,,,,,"NCS PTE LTD",,,"121145339",,,"5 ANG MO KIO STREET 62",,,"569141",,,"SINGAPORE",,,"SINGAPORE",,,,,,,,,,,,,,,,,,,,,,,,,,,,,,,,,,,,,,,,,,,,,,,,,,,,,,,,,,,,,,,,,,,,,,,,,,,,,,,,,,,,,,,,,,,,,,,,,,,,,,,,,,,,,,,,,,,,,,
,,,,,,,,"1","2015",,,,,,,,,,,,,,,,,,,,,,,,,,,,,,,,,,,,,,,,,,,,,,,,,,,,,,,,,,,,,,,,,,,,,,,,,,,,,,,,,,,,,,,,,"DKSH CORPORATE SHARED SERVICES CENTER SDN BHD",,,"39205921",,,,,,,,,,,,,,,,,,,,"DIMENSION DATA (MALAYSIA) SDN. BHD.",,,"132899253",,,"LEVEL 11 1 FIRST AVENUE",,,"47800",,,"PETALING JAYA",,,"MALAYSIA",,,,,,,,,,,,,,,,,,,,,,,,,,,,,,,,,,,,,,,,,,,,,,,,,,,,,,,,,,,,,,,,,,,,,,,,,,,,,,,,,,,,,,,,,,,,,,,,,,,,,,,,,,,,,,,,,,,,,,
,,,,,,,,"1","2015",,,,,,,,,,,,,,,,,,,,,,,,,,,,,,,,,,,,,,,,,,,,,,,,,,,,,,,,,,,,,,,,,,,,,,,,,,,,,,,,,,,,,,,,,"MDC MYREN",,,"32145539",,,,,,,,,,,,,,,,,,,,"GLOCOMP SYSTEMS (M) SDN BHD",,,"722775446",,,"G-03-1, PLAZA KELANA JAYA",,"SELANGOR","47301",,,"PETALING JAYA",,,"MALAYSIA",,,,,,,,,,,,,,,,,,,,,,,,,,,,,,,,,,,,,,,,,,,,,,,,,,,,,,,,,,,,,,,,,,,,,,,,,,,,,,,,,,,,,,,,,,,,,,,,,,,,,,,,,,,,,,,,,,,,,,
,,,,,,,,"1","2015",,,,,,,,,,,,,,,,,,,,,,,,,,,,,,,,,,,,,,,,,,,,,,,,,,,,,,,,,,,,,,,,,,,,,,,,,,,,,,,,,,,,,,,,,"EXPRESS DATA HOLDINGS PTY LTD",,,"142406042",,,,,,,,,,,,,,,,,,,,"TELSTRA IVISION PTY LTD",,,"410679911",,,"LEVEL 26 242 EXHIBITION STREET",,"VICTORIA","3000",,,"MELBOURNE",,,"AUSTRALIA",,,,,,,,,,,,,,,,,,,,,,,,,,,,,,,,,,,,,,,,,,,,,,,,,,,,,,,,,,,,,,,,,,,,,,,,,,,,,,,,,,,,,,,,,,,,,,,,,,,,,,,,,,,,,,,,,,,,,,
,,,,,,,,"1","2015",,,,,,,,,,,,,,,,,,,,,,,,,,,,,,,,,,,,,,,,,,,,,,,,,,,,,,,,,,,,,,,,,,,,,,,,,,,,,,,,,,,,,,,,,"FLINDERS BIOREMEDIATION PTY LTD",,,"204457955",,,,,,,,,,,,,,,,,,,,"DIMENSION DATA AUSTRALIA PTY LTD",,,"1855398",,,"ATTN:ACCOUNTS PAYABLE",,"NSW","2001",,,"SYDNEY",,,"AUSTRALIA",,,,,,,,,,,,,,,,,,,,,,,,,,,,,,,,,,,,,,,,,,,,,,,,,,,,,,,,,,,,,,,,,,,,,,,,,,,,,,,,,,,,,,,,,,,,,,,,,,,,,,,,,,,,,,,,,,,,,,
,,,,,,,,"1","2015",,,,,,,,,,,,,,,,,,,,,,,,,,,,,,,,,,,,,,,,,,,,,,,,,,,,,,,,,,,,,,,,,,,,,,,,,,,,,,,,,,,,,,,,,"TATTS GROUP LTD",,,"40456355",,,,,,,,,,,,,,,,,,,,"DIMENSION DATA AUSTRALIA PTY LTD",,,"1855398",,,"ATTN:ACCOUNTS PAYABLE",,"NSW","2001",,,"SYDNEY",,,"AUSTRALIA",,,,,,,,,,,,,,,,,,,,,,,,,,,,,,,,,,,,,,,,,,,,,,,,,,,,,,,,,,,,,,,,,,,,,,,,,,,,,,,,,,,,,,,,,,,,,,,,,,,,,,,,,,,,,,,,,,,,,,
,,,,,,,,"1","2015",,,,,,,,,,,,,,,,,,,,,,,,,,,,,,,,,,,,,,,,,,,,,,,,,,,,,,,,,,,,,,,,,,,,,,,,,,,,,,,,,,,,,,,,,"DEPARTMENT OF LAND TRANSPORT DLT",,,"40550779",,,,,,,,,,,,,,,,,,,,"IBM THAILAND COMPANY LTD",,,"120708383",,,"388 PHAHOLYOTHIN ROAD",,,"10400",,,"BANGKOK",,,"THAILAND",,,,,,,,,,,,,,,,,,,,,,,,,,,,,,,,,,,,,,,,,,,,,,,,,,,,,,,,,,,,,,,,,,,,,,,,,,,,,,,,,,,,,,,,,,,,,,,,,,,,,,,,,,,,,,,,,,,,,,
,,,,,,,,"1","2015",,,,,,,,,,,,,,,,,,,,,,,,,,,,,,,,,,,,,,,,,,,,,,,,,,,,,,,,,,,,,,,,,,,,,,,,,,,,,,,,,,,,,,,,,"MIGAS",,,"168057921",,,,,,,,,,,,,,,,,,,,"PT NUSANTARA COMPNET INTEGRATOR",,,"133920860",,,"JL KEMANGGISAN UTAMA RAYA NO 26",,,"11480",,,"JAKARTA",,,"INDONESIA",,,,,,,,,,,,,,,,,,,,,,,,,,,,,,,,,,,,,,,,,,,,,,,,,,,,,,,,,,,,,,,,,,,,,,,,,,,,,,,,,,,,,,,,,,,,,,,,,,,,,,,,,,,,,,,,,,,,,,
,,,,,,,,"1","2015",,,,,,,,,,,,,,,,,,,,,,,,,,,,,,,,,,,,,,,,,,,,,,,,,,,,,,,,,,,,,,,,,,,,,,,,,,,,,,,,,,,,,,,,,"MIGAS",,,"168057921",,,,,,,,,,,,,,,,,,,,"PT NUSANTARA COMPNET INTEGRATOR",,,"133920860",,,"JL KEMANGGISAN UTAMA RAYA NO 26",,,"11480",,,"JAKARTA",,,"INDONESIA",,,,,,,,,,,,,,,,,,,,,,,,,,,,,,,,,,,,,,,,,,,,,,,,,,,,,,,,,,,,,,,,,,,,,,,,,,,,,,,,,,,,,,,,,,,,,,,,,,,,,,,,,,,,,,,,,,,,,,
,,,,,,,,"1","2015",,,,,,,,,,,,,,,,,,,,,,,,,,,,,,,,,,,,,,,,,,,,,,,,,,,,,,,,,,,,,,,,,,,,,,,,,,,,,,,,,,,,,,,,,"UNIVERSITY OF SYDNEY",,,"877264",,,,,,,,,,,,,,,,,,,,"IBM AUSTRALIA LTD",,,"121628",,,"Attention: AU CAAPS",,"VIC","3012",,,"West-Footscray",,,"AUSTRALIA",,,,,,,,,,,,,,,,,,,,,,,,,,,,,,,,,,,,,,,,,,,,,,,,,,,,,,,,,,,,,,,,,,,,,,,,,,,,,,,,,,,,,,,,,,,,,,,,,,,,,,,,,,,,,,,,,,,,,,
,,,,,,,,"1","2015",,,,,,,,,,,,,,,,,,,,,,,,,,,,,,,,,,,,,,,,,,,,,,,,,,,,,,,,,,,,,,,,,,,,,,,,,,,,,,,,,,,,,,,,,"RIP CURL PROPRIETARY LTD",,,"2503133",,,,,,,,,,,,,,,,,,,,"DIMENSION DATA AUSTRALIA PTY LTD",,,"1855398",,,"ATTN:ACCOUNTS PAYABLE",,"NSW","2001",,,"SYDNEY",,,"AUSTRALIA",,,,,,,,,,,,,,,,,,,,,,,,,,,,,,,,,,,,,,,,,,,,,,,,,,,,,,,,,,,,,,,,,,,,,,,,,,,,,,,,,,,,,,,,,,,,,,,,,,,,,,,,,,,,,,,,,,,,,,
,,,,,,,,"1","2015",,,,,,,,,,,,,,,,,,,,,,,,,,,,,,,,,,,,,,,,,,,,,,,,,,,,,,,,,,,,,,,,,,,,,,,,,,,,,,,,,,,,,,,,,"UNIVERSITY OF MELBOURNE",,,"878034",,,,,,,,,,,,,,,,,,,,"DIMENSION DATA AUSTRALIA PTY LTD",,,"1855398",,,"ATTN:ACCOUNTS PAYABLE",,"NSW","2001",,,"SYDNEY",,,"AUSTRALIA",,,,,,,,,,,,,,,,,,,,,,,,,,,,,,,,,,,,,,,,,,,,,,,,,,,,,,,,,,,,,,,,,,,,,,,,,,,,,,,,,,,,,,,,,,,,,,,,,,,,,,,,,,,,,,,,,,,,,,
,,,,,,,,"1","2015",,,,,,,,,,,,,,,,,,,,,,,,,,,,,,,,,,,,,,,,,,,,,,,,,,,,,,,,,,,,,,,,,,,,,,,,,,,,,,,,,,,,,,,,,"NTT COMMUNICATIONS (THAILAND) COMPANY LIMITED",,,"195679298",,,,,,,,,,,,,,,,,,,,"DIMENSION DATA (THAILAND) LIMITED",,,"132342065",,,"16TH FLOOR COLUMN TOWER",,,"10110",,,"BANGKOK",,,"THAILAND",,,,,,,,,,,,,,,,,,,,,,,,,,,,,,,,,,,,,,,,,,,,,,,,,,,,,,,,,,,,,,,,,,,,,,,,,,,,,,,,,,,,,,,,,,,,,,,,,,,,,,,,,,,,,,,,,,,,,,
,,,,,,,,"1","2015",,,,,,,,,,,,,,,,,,,,,,,,,,,,,,,,,,,,,,,,,,,,,,,,,,,,,,,,,,,,,,,,,,,,,,,,,,,,,,,,,,,,,,,,,"SOUTH AUSTRALIAN GOVERNMENT FINANCING AUTHORITY",,,"2751095",,,,,,,,,,,,,,,,,,,,"DIMENSION DATA AUSTRALIA PTY LTD",,,"1855398",,,"ATTN:ACCOUNTS PAYABLE",,"NSW","2001",,,"SYDNEY",,,"AUSTRALIA",,,,,,,,,,,,,,,,,,,,,,,,,,,,,,,,,,,,,,,,,,,,,,,,,,,,,,,,,,,,,,,,,,,,,,,,,,,,,,,,,,,,,,,,,,,,,,,,,,,,,,,,,,,,,,,,,,,,,,
,,,,,,,,"1","2015",,,,,,,,,,,,,,,,,,,,,,,,,,,,,,,,,,,,,,,,,,,,,,,,,,,,,,,,,,,,,,,,,,,,,,,,,,,,,,,,,,,,,,,,,"SINARMAS LAND PT",,,"176371183",,,,,,,,,,,,,,,,,,,,"PACKET SYSTEMS INDONESIA, PT.",,,"133983784",,,"SAMPOERNA STRATEGIC SQUARE",,,"12930",,,"JAKARTA",,,"INDONESIA",,,,,,,,,,,,,,,,,,,,,,,,,,,,,,,,,,,,,,,,,,,,,,,,,,,,,,,,,,,,,,,,,,,,,,,,,,,,,,,,,,,,,,,,,,,,,,,,,,,,,,,,,,,,,,,,,,,,,,
,,,,,,,,"1","2015",,,,,,,,,,,,,,,,,,,,,,,,,,,,,,,,,,,,,,,,,,,,,,,,,,,,,,,,,,,,,,,,,,,,,,,,,,,,,,,,,,,,,,,,,"DIRGANTARA IMPEX PTE LTD",,,"2345100",,,,,,,,,,,,,,,,,,,,"PACKET SYSTEMS INDONESIA, PT.",,,"133983784",,,"SAMPOERNA STRATEGIC SQUARE",,,"12930",,,"JAKARTA",,,"INDONESIA",,,,,,,,,,,,,,,,,,,,,,,,,,,,,,,,,,,,,,,,,,,,,,,,,,,,,,,,,,,,,,,,,,,,,,,,,,,,,,,,,,,,,,,,,,,,,,,,,,,,,,,,,,,,,,,,,,,,,,
,,,,,,,,"1","2015",,,,,,,,,,,,,,,,,,,,,,,,,,,,,,,,,,,,,,,,,,,,,,,,,,,,,,,,,,,,,,,,,,,,,,,,,,,,,,,,,,,,,,,,,"SINARMAS LAND PT",,,"176371183",,,,,,,,,,,,,,,,,,,,"PACKET SYSTEMS INDONESIA, PT.",,,"133983784",,,"SAMPOERNA STRATEGIC SQUARE",,,"12930",,,"JAKARTA",,,"INDONESIA",,,,,,,,,,,,,,,,,,,,,,,,,,,,,,,,,,,,,,,,,,,,,,,,,,,,,,,,,,,,,,,,,,,,,,,,,,,,,,,,,,,,,,,,,,,,,,,,,,,,,,,,,,,,,,,,,,,,,,
,,,,,,,,"1","2015",,,,,,,,,,,,,,,,,,,,,,,,,,,,,,,,,,,,,,,,,,,,,,,,,,,,,,,,,,,,,,,,,,,,,,,,,,,,,,,,,,,,,,,,,"PERTAMINA EP, PT",,,"89143736",,,,,,,,,,,,,,,,,,,,"PACKET SYSTEMS INDONESIA, PT.",,,"133983784",,,"SAMPOERNA STRATEGIC SQUARE",,,"12930",,,"JAKARTA",,,"INDONESIA",,,,,,,,,,,,,,,,,,,,,,,,,,,,,,,,,,,,,,,,,,,,,,,,,,,,,,,,,,,,,,,,,,,,,,,,,,,,,,,,,,,,,,,,,,,,,,,,,,,,,,,,,,,,,,,,,,,,,,
,,,,,,,,"1","2015",,,,,,,,,,,,,,,,,,,,,,,,,,,,,,,,,,,,,,,,,,,,,,,,,,,,,,,,,,,,,,,,,,,,,,,,,,,,,,,,,,,,,,,,,"AUSTRALIAN ENERGY MARKET OPERATOR LTD",,,"1340285",,,,,,,,,,,,,,,,,,,,"FUJITSU AUSTRALIA LTD",,,"2755276",,,"2 JULIUS AVENUE",,"NSW","2113",,,"NORTH RYDE",,,"AUSTRALIA",,,,,,,,,,,,,,,,,,,,,,,,,,,,,,,,,,,,,,,,,,,,,,,,,,,,,,,,,,,,,,,,,,,,,,,,,,,,,,,,,,,,,,,,,,,,,,,,,,,,,,,,,,,,,,,,,,,,,,
,,,,,,,,"1","2015",,,,,,,,,,,,,,,,,,,,,,,,,,,,,,,,,,,,,,,,,,,,,,,,,,,,,,,,,,,,,,,,,,,,,,,,,,,,,,,,,,,,,,,,,"MELBOURNE ON THE WATER",,,"10843145",,,,,,,,,,,,,,,,,,,,"DIMENSION DATA AUSTRALIA PTY LTD",,,"1855398",,,"ATTN:ACCOUNTS PAYABLE",,"NSW","2001",,,"SYDNEY",,,"AUSTRALIA",,,,,,,,,,,,,,,,,,,,,,,,,,,,,,,,,,,,,,,,,,,,,,,,,,,,,,,,,,,,,,,,,,,,,,,,,,,,,,,,,,,,,,,,,,,,,,,,,,,,,,,,,,,,,,,,,,,,,,
,,,,,,,,"1","2015",,,,,,,,,,,,,,,,,,,,,,,,,,,,,,,,,,,,,,,,,,,,,,,,,,,,,,,,,,,,,,,,,,,,,,,,,,,,,,,,,,,,,,,,,"MTV BEIJING",,,"180455338",,,,,,,,,,,,,,,,,,,,"LOGICALIS SINGAPORE PTE LTD",,,"133709864",,,"150 KAMPONG AMPAT",,,"368324",,,"SINGAPORE",,,"SINGAPORE",,,,,,,,,,,,,,,,,,,,,,,,,,,,,,,,,,,,,,,,,,,,,,,,,,,,,,,,,,,,,,,,,,,,,,,,,,,,,,,,,,,,,,,,,,,,,,,,,,,,,,,,,,,,,,,,,,,,,,
,,,,,,,,"1","2015",,,,,,,,,,,,,,,,,,,,,,,,,,,,,,,,,,,,,,,,,,,,,,,,,,,,,,,,,,,,,,,,,,,,,,,,,,,,,,,,,,,,,,,,,"MTV BEIJING",,,"180455338",,,,,,,,,,,,,,,,,,,,"LOGICALIS SINGAPORE PTE LTD",,,"133709864",,,"150 KAMPONG AMPAT",,,"368324",,,"SINGAPORE",,,"SINGAPORE",,,,,,,,,,,,,,,,,,,,,,,,,,,,,,,,,,,,,,,,,,,,,,,,,,,,,,,,,,,,,,,,,,,,,,,,,,,,,,,,,,,,,,,,,,,,,,,,,,,,,,,,,,,,,,,,,,,,,,
,,,,,,,,"1","2015",,,,,,,,,,,,,,,,,,,,,,,,,,,,,,,,,,,,,,,,,,,,,,,,,,,,,,,,,,,,,,,,,,,,,,,,,,,,,,,,,,,,,,,,,"MTV BEIJING",,,"180455338",,,,,,,,,,,,,,,,,,,,"LOGICALIS SINGAPORE PTE LTD",,,"133709864",,,"150 KAMPONG AMPAT",,,"368324",,,"SINGAPORE",,,"SINGAPORE",,,,,,,,,,,,,,,,,,,,,,,,,,,,,,,,,,,,,,,,,,,,,,,,,,,,,,,,,,,,,,,,,,,,,,,,,,,,,,,,,,,,,,,,,,,,,,,,,,,,,,,,,,,,,,,,,,,,,,
,,,,,,,,"1","2015",,,,,,,,,,,,,,,,,,,,,,,,,,,,,,,,,,,,,,,,,,,,,,,,,,,,,,,,,,,,,,,,,,,,,,,,,,,,,,,,,,,,,,,,,"SINGAPORE TELECOMMUNICATIONS LTD",,,"132352",,,,,,,,,,,,,,,,,,,,"DIMENSION DATA (SINGAPORE) PTE. LTD.",,,"132365996",,,"6 TEMASEK BOULEVARD",,,"038986",,,"SINGAPORE",,,"SINGAPORE",,,,,,,,,,,,,,,,,,,,,,,,,,,,,,,,,,,,,,,,,,,,,,,,,,,,,,,,,,,,,,,,,,,,,,,,,,,,,,,,,,,,,,,,,,,,,,,,,,,,,,,,,,,,,,,,,,,,,,
,,,,,,,,"1","2015",,,,,,,,,,,,,,,,,,,,,,,,,,,,,,,,,,,,,,,,,,,,,,,,,,,,,,,,,,,,,,,,,,,,,,,,,,,,,,,,,,,,,,,,,"WORKPAC PTY LTD",,,"88642910",,,,,,,,,,,,,,,,,,,,"DATA # 3  LIMITED",,,"1736014",,,"247 BALCATTA ROAD",,"WA","6021",,,"BALCATTA",,,"AUSTRALIA",,,,,,,,,,,,,,,,,,,,,,,,,,,,,,,,,,,,,,,,,,,,,,,,,,,,,,,,,,,,,,,,,,,,,,,,,,,,,,,,,,,,,,,,,,,,,,,,,,,,,,,,,,,,,,,,,,,,,,
,,,,,,,,"1","2015",,,,,,,,,,,,,,,,,,,,,,,,,,,,,,,,,,,,,,,,,,,,,,,,,,,,,,,,,,,,,,,,,,,,,,,,,,,,,,,,,,,,,,,,,"SOUTH AUSTRALIAN WATER CORPORATION",,,"1340353",,,,,,,,,,,,,,,,,,,,"DIMENSION DATA AUSTRALIA PTY LTD",,,"1855398",,,"ATTN:ACCOUNTS PAYABLE",,"NSW","2001",,,"SYDNEY",,,"AUSTRALIA",,,,,,,,,,,,,,,,,,,,,,,,,,,,,,,,,,,,,,,,,,,,,,,,,,,,,,,,,,,,,,,,,,,,,,,,,,,,,,,,,,,,,,,,,,,,,,,,,,,,,,,,,,,,,,,,,,,,,,
,,,,,,,,"1","2015",,,,,,,,,,,,,,,,,,,,,,,,,,,,,,,,,,,,,,,,,,,,,,,,,,,,,,,,,,,,,,,,,,,,,,,,,,,,,,,,,,,,,,,,,"DEPARTMENT OF EDUCATION",,,"2472715",,,,,,,,,,,,,,,,,,,,"DIMENSION DATA AUSTRALIA PTY LTD",,,"1855398",,,"ATTN:ACCOUNTS PAYABLE",,"NSW","2001",,,"SYDNEY",,,"AUSTRALIA",,,,,,,,,,,,,,,,,,,,,,,,,,,,,,,,,,,,,,,,,,,,,,,,,,,,,,,,,,,,,,,,,,,,,,,,,,,,,,,,,,,,,,,,,,,,,,,,,,,,,,,,,,,,,,,,,,,,,,
,,,,,,,,"1","2015",,,,,,,,,,,,,,,,,,,,,,,,,,,,,,,,,,,,,,,,,,,,,,,,,,,,,,,,,,,,,,,,,,,,,,,,,,,,,,,,,,,,,,,,,"MINISTRY OF DEFENCE",,,"1599229",,,,,,,,,,,,,,,,,,,,"NCS PTE LTD",,,"121145339",,,"5 ANG MO KIO STREET 62",,,"569141",,,"SINGAPORE",,,"SINGAPORE",,,,,,,,,,,,,,,,,,,,,,,,,,,,,,,,,,,,,,,,,,,,,,,,,,,,,,,,,,,,,,,,,,,,,,,,,,,,,,,,,,,,,,,,,,,,,,,,,,,,,,,,,,,,,,,,,,,,,,
,,,,,,,,"1","2015",,,,,,,,,,,,,,,,,,,,,,,,,,,,,,,,,,,,,,,,,,,,,,,,,,,,,,,,,,,,,,,,,,,,,,,,,,,,,,,,,,,,,,,,,"MINISTRY OF DEFENCE",,,"1599229",,,,,,,,,,,,,,,,,,,,"NCS PTE LTD",,,"121145339",,,"5 ANG MO KIO STREET 62",,,"569141",,,"SINGAPORE",,,"SINGAPORE",,,,,,,,,,,,,,,,,,,,,,,,,,,,,,,,,,,,,,,,,,,,,,,,,,,,,,,,,,,,,,,,,,,,,,,,,,,,,,,,,,,,,,,,,,,,,,,,,,,,,,,,,,,,,,,,,,,,,,
,,,,,,,,"1","2015",,,,,,,,,,,,,,,,,,,,,,,,,,,,,,,,,,,,,,,,,,,,,,,,,,,,,,,,,,,,,,,,,,,,,,,,,,,,,,,,,,,,,,,,,"DIMENSION DATA INDONESIA PT",,,"1957119",,,,,,,,,,,,,,,,,,,,"P.T. DIMENSION DATA INDONESIA",,,"133145376",,,"MENARA IMPERIUM 19TH FLOOR SUITE B",,,"-",,,"JAKARTA",,,"INDONESIA",,,,,,,,,,,,,,,,,,,,,,,,,,,,,,,,,,,,,,,,,,,,,,,,,,,,,,,,,,,,,,,,,,,,,,,,,,,,,,,,,,,,,,,,,,,,,,,,,,,,,,,,,,,,,,,,,,,,,,
,,,,,,,,"1","2015",,,,,,,,,,,,,,,,,,,,,,,,,,,,,,,,,,,,,,,,,,,,,,,,,,,,,,,,,,,,,,,,,,,,,,,,,,,,,,,,,,,,,,,,,"MEAT & LIVESTOCK AUSTRALIA LTD",,,"1723337",,,,,,,,,,,,,,,,,,,,"UXC CONNECT PTY LTD",,,"400544406",,,"ATTN: ACCOUNTS PAYABLE",,"NSW","2086",,,"FRENCHS FOREST",,,"AUSTRALIA",,,,,,,,,,,,,,,,,,,,,,,,,,,,,,,,,,,,,,,,,,,,,,,,,,,,,,,,,,,,,,,,,,,,,,,,,,,,,,,,,,,,,,,,,,,,,,,,,,,,,,,,,,,,,,,,,,,,,,
,,,,,,,,"1","2015",,,,,,,,,,,,,,,,,,,,,,,,,,,,,,,,,,,,,,,,,,,,,,,,,,,,,,,,,,,,,,,,,,,,,,,,,,,,,,,,,,,,,,,,,"MEAT AND LIVESTOCK AUSTRALIA LTD",,,"39662044",,,,,,,,,,,,,,,,,,,,"UXC CONNECT PTY LTD",,,"400544406",,,"ATTN: ACCOUNTS PAYABLE",,"NSW","2086",,,"FRENCHS FOREST",,,"AUSTRALIA",,,,,,,,,,,,,,,,,,,,,,,,,,,,,,,,,,,,,,,,,,,,,,,,,,,,,,,,,,,,,,,,,,,,,,,,,,,,,,,,,,,,,,,,,,,,,,,,,,,,,,,,,,,,,,,,,,,,,,
,,,,,,,,"1","2015",,,,,,,,,,,,,,,,,,,,,,,,,,,,,,,,,,,,,,,,,,,,,,,,,,,,,,,,,,,,,,,,,,,,,,,,,,,,,,,,,,,,,,,,,"MEAT & LIVESTOCK AUSTRALIA LTD",,,"1723337",,,,,,,,,,,,,,,,,,,,"UXC CONNECT PTY LTD",,,"400544406",,,"ATTN: ACCOUNTS PAYABLE",,"NSW","2086",,,"FRENCHS FOREST",,,"AUSTRALIA",,,,,,,,,,,,,,,,,,,,,,,,,,,,,,,,,,,,,,,,,,,,,,,,,,,,,,,,,,,,,,,,,,,,,,,,,,,,,,,,,,,,,,,,,,,,,,,,,,,,,,,,,,,,,,,,,,,,,,
,,,,,,,,"1","2015",,,,,,,,,,,,,,,,,,,,,,,,,,,,,,,,,,,,,,,,,,,,,,,,,,,,,,,,,,,,,,,,,,,,,,,,,,,,,,,,,,,,,,,,,"MEAT & LIVESTOCK AUSTRALIA LTD",,,"1723337",,,,,,,,,,,,,,,,,,,,"UXC CONNECT PTY LTD",,,"400544406",,,"ATTN: ACCOUNTS PAYABLE",,"NSW","2086",,,"FRENCHS FOREST",,,"AUSTRALIA",,,,,,,,,,,,,,,,,,,,,,,,,,,,,,,,,,,,,,,,,,,,,,,,,,,,,,,,,,,,,,,,,,,,,,,,,,,,,,,,,,,,,,,,,,,,,,,,,,,,,,,,,,,,,,,,,,,,,,
,,,,,,,,"1","2015",,,,,,,,,,,,,,,,,,,,,,,,,,,,,,,,,,,,,,,,,,,,,,,,,,,,,,,,,,,,,,,,,,,,,,,,,,,,,,,,,,,,,,,,,"MELBOURNE WATER CORPORATION",,,"878270",,,,,,,,,,,,,,,,,,,,"UXC CONNECT PTY LTD",,,"400544406",,,"ATTN: ACCOUNTS PAYABLE",,"NSW","2086",,,"FRENCHS FOREST",,,"AUSTRALIA",,,,,,,,,,,,,,,,,,,,,,,,,,,,,,,,,,,,,,,,,,,,,,,,,,,,,,,,,,,,,,,,,,,,,,,,,,,,,,,,,,,,,,,,,,,,,,,,,,,,,,,,,,,,,,,,,,,,,,
,,,,,,,,"1","2015",,,,,,,,,,,,,,,,,,,,,,,,,,,,,,,,,,,,,,,,,,,,,,,,,,,,,,,,,,,,,,,,,,,,,,,,,,,,,,,,,,,,,,,,,"EMERSON ELECTRIC COMPANY INDIA PRIVATE LTD",,,"46216815",,,,,,,,,,,,,,,,,,,,"DIMENSION DATA INDIA LIMITED",,,"121799324",,,"2ND FLOOR, TRADE VIEW",,"MH","400 013",,,"MUMBAI",,,"INDIA",,,,,,,,,,,,,,,,,,,,,,,,,,,,,,,,,,,,,,,,,,,,,,,,,,,,,,,,,,,,,,,,,,,,,,,,,,,,,,,,,,,,,,,,,,,,,,,,,,,,,,,,,,,,,,,,,,,,,,
,,,,,,,,"1","2015",,,,,,,,,,,,,,,,,,,,,,,,,,,,,,,,,,,,,,,,,,,,,,,,,,,,,,,,,,,,,,,,,,,,,,,,,,,,,,,,,,,,,,,,,"EMERSON ELECTRIC COMPANY INDIA PRIVATE LTD",,,"46216815",,,,,,,,,,,,,,,,,,,,"DIMENSION DATA INDIA LIMITED",,,"121799324",,,"2ND FLOOR, TRADE VIEW",,"MH","400 013",,,"MUMBAI",,,"INDIA",,,,,,,,,,,,,,,,,,,,,,,,,,,,,,,,,,,,,,,,,,,,,,,,,,,,,,,,,,,,,,,,,,,,,,,,,,,,,,,,,,,,,,,,,,,,,,,,,,,,,,,,,,,,,,,,,,,,,,
,,,,,,,,"1","2015",,,,,,,,,,,,,,,,,,,,,,,,,,,,,,,,,,,,,,,,,,,,,,,,,,,,,,,,,,,,,,,,,,,,,,,,,,,,,,,,,,,,,,,,,"BAYER BUSINESS SERVICES PHILIPPINES INCORPORATED",,,"195720984",,,,,,,,,,,,,,,,,,,,"MICRO DATA SYSTEMS & MANAGEMENT INC",,,"733540877",,,"MDS BUILDING 817 JP RIZAL STREET",,"METRO MANILA","1210",,,"MAKITY CITY",,,"PHILIPPINES",,,,,,,,,,,,,,,,,,,,,,,,,,,,,,,,,,,,,,,,,,,,,,,,,,,,,,,,,,,,,,,,,,,,,,,,,,,,,,,,,,,,,,,,,,,,,,,,,,,,,,,,,,,,,,,,,,,,,,
,,,,,,,,"1","2015",,,,,,,,,,,,,,,,,,,,,,,,,,,,,,,,,,,,,,,,,,,,,,,,,,,,,,,,,,,,,,,,,,,,,,,,,,,,,,,,,,,,,,,,,"ATESEA INC",,,"181532727",,,,,,,,,,,,,,,,,,,,"DIMENSION DATA PHILIPPINES INC",,,"133862092",,,"G F PHILAMLIFE BLDG 126",,,"-",,,"MAKATI CITY",,,"PHILIPPINES",,,,,,,,,,,,,,,,,,,,,,,,,,,,,,,,,,,,,,,,,,,,,,,,,,,,,,,,,,,,,,,,,,,,,,,,,,,,,,,,,,,,,,,,,,,,,,,,,,,,,,,,,,,,,,,,,,,,,,
,,,,,,,,"1","2015",,,,,,,,,,,,,,,,,,,,,,,,,,,,,,,,,,,,,,,,,,,,,,,,,,,,,,,,,,,,,,,,,,,,,,,,,,,,,,,,,,,,,,,,,"DTDC COURIER AND CARGO LTD",,,"92666528",,,,,,,,,,,,,,,,,,,,"IBM INDIA PVT LTD",,,"120310039",,,"SUBRAMANYA ARCADE #12",,"KA","560029",,,"BANGALORE",,,"INDIA",,,,,,,,,,,,,,,,,,,,,,,,,,,,,,,,,,,,,,,,,,,,,,,,,,,,,,,,,,,,,,,,,,,,,,,,,,,,,,,,,,,,,,,,,,,,,,,,,,,,,,,,,,,,,,,,,,,,,,
,,,,,,,,"1","2015",,,,,,,,,,,,,,,,,,,,,,,,,,,,,,,,,,,,,,,,,,,,,,,,,,,,,,,,,,,,,,,,,,,,,,,,,,,,,,,,,,,,,,,,,"BANK MANDIRI PERSERO PT TBK",,,"2331740",,,,,,,,,,,,,,,,,,,,"DIMENSION DATA (SINGAPORE) PTE. LTD.",,,"132365996",,,"6 TEMASEK BOULEVARD",,,"038986",,,"SINGAPORE",,,"SINGAPORE",,,,,,,,,,,,,,,,,,,,,,,,,,,,,,,,,,,,,,,,,,,,,,,,,,,,,,,,,,,,,,,,,,,,,,,,,,,,,,,,,,,,,,,,,,,,,,,,,,,,,,,,,,,,,,,,,,,,,,
,,,,,,,,"1","2015",,,,,,,,,,,,,,,,,,,,,,,,,,,,,,,,,,,,,,,,,,,,,,,,,,,,,,,,,,,,,,,,,,,,,,,,,,,,,,,,,,,,,,,,,"MELBOURNE ON THE WATER",,,"10843145",,,,,,,,,,,,,,,,,,,,"DIMENSION DATA AUSTRALIA PTY LTD",,,"1855398",,,"ATTN:ACCOUNTS PAYABLE",,"NSW","2001",,,"SYDNEY",,,"AUSTRALIA",,,,,,,,,,,,,,,,,,,,,,,,,,,,,,,,,,,,,,,,,,,,,,,,,,,,,,,,,,,,,,,,,,,,,,,,,,,,,,,,,,,,,,,,,,,,,,,,,,,,,,,,,,,,,,,,,,,,,,
,,,,,,,,"1","2015",,,,,,,,,,,,,,,,,,,,,,,,,,,,,,,,,,,,,,,,,,,,,,,,,,,,,,,,,,,,,,,,,,,,,,,,,,,,,,,,,,,,,,,,,"THE ACADEMY OF INTERACTIVE ENTERTAINMENT LTD",,,"156401949",,,,,,,,,,,,,,,,,,,,"CORRECT COMMUNICATIONS PTY LTD",,,"416334641",,,"4 27 29 NAPIER CL",,"AUSTRALIAN CAPITAL TERRITORY","2600",,,"DEAKIN",,,"AUSTRALIA",,,,,,,,,,,,,,,,,,,,,,,,,,,,,,,,,,,,,,,,,,,,,,,,,,,,,,,,,,,,,,,,,,,,,,,,,,,,,,,,,,,,,,,,,,,,,,,,,,,,,,,,,,,,,,,,,,,,,,
,,,,,,,,"1","2015",,,,,,,,,,,,,,,,,,,,,,,,,,,,,,,,,,,,,,,,,,,,,,,,,,,,,,,,,,,,,,,,,,,,,,,,,,,,,,,,,,,,,,,,,"NSW DEPT OF TRANSPORT NSW",,,"874681",,,,,,,,,,,,,,,,,,,,"UXC CONNECT PTY LTD",,,"400544406",,,"ATTN: ACCOUNTS PAYABLE",,"NSW","2086",,,"FRENCHS FOREST",,,"AUSTRALIA",,,,,,,,,,,,,,,,,,,,,,,,,,,,,,,,,,,,,,,,,,,,,,,,,,,,,,,,,,,,,,,,,,,,,,,,,,,,,,,,,,,,,,,,,,,,,,,,,,,,,,,,,,,,,,,,,,,,,,
,,,,,,,,"1","2015",,,,,,,,,,,,,,,,,,,,,,,,,,,,,,,,,,,,,,,,,,,,,,,,,,,,,,,,,,,,,,,,,,,,,,,,,,,,,,,,,,,,,,,,,"METCASH TRADING LTD",,,"875928",,,,,,,,,,,,,,,,,,,,"IBM AUSTRALIA LTD",,,"121628",,,"Attention: AU CAAPS",,"VIC","3012",,,"West-Footscray",,,"AUSTRALIA",,,,,,,,,,,,,,,,,,,,,,,,,,,,,,,,,,,,,,,,,,,,,,,,,,,,,,,,,,,,,,,,,,,,,,,,,,,,,,,,,,,,,,,,,,,,,,,,,,,,,,,,,,,,,,,,,,,,,,
,,,,,,,,"1","2015",,,,,,,,,,,,,,,,,,,,,,,,,,,,,,,,,,,,,,,,,,,,,,,,,,,,,,,,,,,,,,,,,,,,,,,,,,,,,,,,,,,,,,,,,"ANZ BANK NEW ZEALAND LTD",,,"953401",,,,,,,,,,,,,,,,,,,,"TELECOM NEW ZEALAND LTD",,,"120759356",,,"ACCOUNTS PAYABLE",,,"-",,,"WELLINGTON",,,"NEW ZEALAND",,,,,,,,,,,,,,,,,,,,,,,,,,,,,,,,,,,,,,,,,,,,,,,,,,,,,,,,,,,,,,,,,,,,,,,,,,,,,,,,,,,,,,,,,,,,,,,,,,,,,,,,,,,,,,,,,,,,,,
,,,,,,,,"1","2015",,,,,,,,,,,,,,,,,,,,,,,,,,,,,,,,,,,,,,,,,,,,,,,,,,,,,,,,,,,,,,,,,,,,,,,,,,,,,,,,,,,,,,,,,"AUCKLAND UNIVERSITY OF TECHNOLOGY FOUNDATION",,,"1951912",,,,,,,,,,,,,,,,,,,,"IBM NEW ZEALAND LTD",,,"121599112",,,"PO BOX 38993",,,"5045",,,"LOWER HUTT",,,"NEW ZEALAND",,,,,,,,,,,,,,,,,,,,,,,,,,,,,,,,,,,,,,,,,,,,,,,,,,,,,,,,,,,,,,,,,,,,,,,,,,,,,,,,,,,,,,,,,,,,,,,,,,,,,,,,,,,,,,,,,,,,,,
,,,,,,,,"1","2015",,,,,,,,,,,,,,,,,,,,,,,,,,,,,,,,,,,,,,,,,,,,,,,,,,,,,,,,,,,,,,,,,,,,,,,,,,,,,,,,,,,,,,,,,"UFLEX LTD",,,"121042297",,,,,,,,,,,,,,,,,,,,"WIPRO LTD",,,"121094743",,,"WIPRO INFOTECH",,"KAR.","560035",,,"BANGALORE",,,"INDIA",,,,,,,,,,,,,,,,,,,,,,,,,,,,,,,,,,,,,,,,,,,,,,,,,,,,,,,,,,,,,,,,,,,,,,,,,,,,,,,,,,,,,,,,,,,,,,,,,,,,,,,,,,,,,,,,,,,,,,
,,,,,,,,"1","2015",,,,,,,,,,,,,,,,,,,,,,,,,,,,,,,,,,,,,,,,,,,,,,,,,,,,,,,,,,,,,,,,,,,,,,,,,,,,,,,,,,,,,,,,,"INTERGLOBE TECHNOLOGIES PRIVATE LTD",,,"78988526",,,,,,,,,,,,,,,,,,,,"WIPRO LTD",,,"121094743",,,"WIPRO INFOTECH",,"KAR.","560035",,,"BANGALORE",,,"INDIA",,,,,,,,,,,,,,,,,,,,,,,,,,,,,,,,,,,,,,,,,,,,,,,,,,,,,,,,,,,,,,,,,,,,,,,,,,,,,,,,,,,,,,,,,,,,,,,,,,,,,,,,,,,,,,,,,,,,,,
,,,,,,,,"1","2015",,,,,,,,,,,,,,,,,,,,,,,,,,,,,,,,,,,,,,,,,,,,,,,,,,,,,,,,,,,,,,,,,,,,,,,,,,,,,,,,,,,,,,,,,"INTERGLOBE TECHNOLOGIES PRIVATE LTD",,,"78988526",,,,,,,,,,,,,,,,,,,,"WIPRO LTD",,,"121094743",,,"WIPRO INFOTECH",,"KAR.","560035",,,"BANGALORE",,,"INDIA",,,,,,,,,,,,,,,,,,,,,,,,,,,,,,,,,,,,,,,,,,,,,,,,,,,,,,,,,,,,,,,,,,,,,,,,,,,,,,,,,,,,,,,,,,,,,,,,,,,,,,,,,,,,,,,,,,,,,,
,,,,,,,,"1","2015",,,,,,,,,,,,,,,,,,,,,,,,,,,,,,,,,,,,,,,,,,,,,,,,,,,,,,,,,,,,,,,,,,,,,,,,,,,,,,,,,,,,,,,,,"INTERGLOBE TECHNOLOGIES PRIVATE LTD",,,"78988526",,,,,,,,,,,,,,,,,,,,"WIPRO LTD",,,"121094743",,,"WIPRO INFOTECH",,"KAR.","560035",,,"BANGALORE",,,"INDIA",,,,,,,,,,,,,,,,,,,,,,,,,,,,,,,,,,,,,,,,,,,,,,,,,,,,,,,,,,,,,,,,,,,,,,,,,,,,,,,,,,,,,,,,,,,,,,,,,,,,,,,,,,,,,,,,,,,,,,
,,,,,,,,"1","2015",,,,,,,,,,,,,,,,,,,,,,,,,,,,,,,,,,,,,,,,,,,,,,,,,,,,,,,,,,,,,,,,,,,,,,,,,,,,,,,,,,,,,,,,,"LIUPANSHUI WATER STEEL GROUP",,,"151089280",,,,,,,,,,,,,,,,,,,,"WIPRO LTD",,,"121094743",,,"WIPRO INFOTECH",,"KAR.","560035",,,"BANGALORE",,,"INDIA",,,,,,,,,,,,,,,,,,,,,,,,,,,,,,,,,,,,,,,,,,,,,,,,,,,,,,,,,,,,,,,,,,,,,,,,,,,,,,,,,,,,,,,,,,,,,,,,,,,,,,,,,,,,,,,,,,,,,,
,,,,,,,,"1","2015",,,,,,,,,,,,,,,,,,,,,,,,,,,,,,,,,,,,,,,,,,,,,,,,,,,,,,,,,,,,,,,,,,,,,,,,,,,,,,,,,,,,,,,,,"INTERGLOBE TECHNOLOGIES PRIVATE LTD",,,"78988526",,,,,,,,,,,,,,,,,,,,"WIPRO LTD",,,"121094743",,,"WIPRO INFOTECH",,"KAR.","560035",,,"BANGALORE",,,"INDIA",,,,,,,,,,,,,,,,,,,,,,,,,,,,,,,,,,,,,,,,,,,,,,,,,,,,,,,,,,,,,,,,,,,,,,,,,,,,,,,,,,,,,,,,,,,,,,,,,,,,,,,,,,,,,,,,,,,,,,
,,,,,,,,"1","2015",,,,,,,,,,,,,,,,,,,,,,,,,,,,,,,,,,,,,,,,,,,,,,,,,,,,,,,,,,,,,,,,,,,,,,,,,,,,,,,,,,,,,,,,,"INTERGLOBE TECHNOLOGIES PRIVATE LTD",,,"78988526",,,,,,,,,,,,,,,,,,,,"WIPRO LTD",,,"121094743",,,"WIPRO INFOTECH",,"KAR.","560035",,,"BANGALORE",,,"INDIA",,,,,,,,,,,,,,,,,,,,,,,,,,,,,,,,,,,,,,,,,,,,,,,,,,,,,,,,,,,,,,,,,,,,,,,,,,,,,,,,,,,,,,,,,,,,,,,,,,,,,,,,,,,,,,,,,,,,,,
,,,,,,,,"1","2015",,,,,,,,,,,,,,,,,,,,,,,,,,,,,,,,,,,,,,,,,,,,,,,,,,,,,,,,,,,,,,,,,,,,,,,,,,,,,,,,,,,,,,,,,"INTERGLOBE TECHNOLOGIES PRIVATE LTD",,,"115681547",,,,,,,,,,,,,,,,,,,,"WIPRO LTD",,,"121094743",,,"WIPRO INFOTECH",,"KAR.","560035",,,"BANGALORE",,,"INDIA",,,,,,,,,,,,,,,,,,,,,,,,,,,,,,,,,,,,,,,,,,,,,,,,,,,,,,,,,,,,,,,,,,,,,,,,,,,,,,,,,,,,,,,,,,,,,,,,,,,,,,,,,,,,,,,,,,,,,,
,,,,,,,,"1","2015",,,,,,,,,,,,,,,,,,,,,,,,,,,,,,,,,,,,,,,,,,,,,,,,,,,,,,,,,,,,,,,,,,,,,,,,,,,,,,,,,,,,,,,,,"MILLENIUM & COPTHORNE INTERNATIONAL",,,"217348561",,,,,,,,,,,,,,,,,,,,"LOGICALIS SINGAPORE PTE LTD",,,"133709864",,,"150 KAMPONG AMPAT",,,"368324",,,"SINGAPORE",,,"SINGAPORE",,,,,,,,,,,,,,,,,,,,,,,,,,,,,,,,,,,,,,,,,,,,,,,,,,,,,,,,,,,,,,,,,,,,,,,,,,,,,,,,,,,,,,,,,,,,,,,,,,,,,,,,,,,,,,,,,,,,,,
,,,,,,,,"1","2015",,,,,,,,,,,,,,,,,,,,,,,,,,,,,,,,,,,,,,,,,,,,,,,,,,,,,,,,,,,,,,,,,,,,,,,,,,,,,,,,,,,,,,,,,"THE WALT DISNEY COMPANY SOUTHEAST ASIA PTE LTD",,,"3082862",,,,,,,,,,,,,,,,,,,,"DIMENSION DATA (SINGAPORE) PTE. LTD.",,,"132365996",,,"6 TEMASEK BOULEVARD",,,"038986",,,"SINGAPORE",,,"SINGAPORE",,,,,,,,,,,,,,,,,,,,,,,,,,,,,,,,,,,,,,,,,,,,,,,,,,,,,,,,,,,,,,,,,,,,,,,,,,,,,,,,,,,,,,,,,,,,,,,,,,,,,,,,,,,,,,,,,,,,,,
,,,,,,,,"1","2015",,,,,,,,,,,,,,,,,,,,,,,,,,,,,,,,,,,,,,,,,,,,,,,,,,,,,,,,,,,,,,,,,,,,,,,,,,,,,,,,,,,,,,,,,"CARLO POSING",,,"148545649",,,,,,,,,,,,,,,,,,,,"DIMENSION DATA INDIA LIMITED",,,"121799324",,,"2ND FLOOR, TRADE VIEW",,"MH","400 013",,,"MUMBAI",,,"INDIA",,,,,,,,,,,,,,,,,,,,,,,,,,,,,,,,,,,,,,,,,,,,,,,,,,,,,,,,,,,,,,,,,,,,,,,,,,,,,,,,,,,,,,,,,,,,,,,,,,,,,,,,,,,,,,,,,,,,,,
,,,,,,,,"1","2015",,,,,,,,,,,,,,,,,,,,,,,,,,,,,,,,,,,,,,,,,,,,,,,,,,,,,,,,,,,,,,,,,,,,,,,,,,,,,,,,,,,,,,,,,"ST BARBARA LIMITED",,,"1340408",,,,,,,,,,,,,,,,,,,,"IBM AUSTRALIA LTD",,,"121628",,,"Attention: AU CAAPS",,"VIC","3012",,,"West-Footscray",,,"AUSTRALIA",,,,,,,,,,,,,,,,,,,,,,,,,,,,,,,,,,,,,,,,,,,,,,,,,,,,,,,,,,,,,,,,,,,,,,,,,,,,,,,,,,,,,,,,,,,,,,,,,,,,,,,,,,,,,,,,,,,,,,
,,,,,,,,"1","2015",,,,,,,,,,,,,,,,,,,,,,,,,,,,,,,,,,,,,,,,,,,,,,,,,,,,,,,,,,,,,,,,,,,,,,,,,,,,,,,,,,,,,,,,,"CISCO PRIME NETWORK CONTROL SYSTEM",,,"216977856",,,,,,,,,,,,,,,,,,,,"DIMENSION DATA NEW ZEALAND LTD",,,"136564579",,,"PO BOX 2397",,,"-",,,"WELLINGTON",,,"NEW ZEALAND",,,,,,,,,,,,,,,,,,,,,,,,,,,,,,,,,,,,,,,,,,,,,,,,,,,,,,,,,,,,,,,,,,,,,,,,,,,,,,,,,,,,,,,,,,,,,,,,,,,,,,,,,,,,,,,,,,,,,,
,,,,,,,,"1","2015",,,,,,,,,,,,,,,,,,,,,,,,,,,,,,,,,,,,,,,,,,,,,,,,,,,,,,,,,,,,,,,,,,,,,,,,,,,,,,,,,,,,,,,,,"HUME CITY COUNCIL",,,"1888971",,,,,,,,,,,,,,,,,,,,"IBM AUSTRALIA LTD",,,"121628",,,"Attention: AU CAAPS",,"VIC","3012",,,"West-Footscray",,,"AUSTRALIA",,,,,,,,,,,,,,,,,,,,,,,,,,,,,,,,,,,,,,,,,,,,,,,,,,,,,,,,,,,,,,,,,,,,,,,,,,,,,,,,,,,,,,,,,,,,,,,,,,,,,,,,,,,,,,,,,,,,,,
,,,,,,,,"1","2015",,,,,,,,,,,,,,,,,,,,,,,,,,,,,,,,,,,,,,,,,,,,,,,,,,,,,,,,,,,,,,,,,,,,,,,,,,,,,,,,,,,,,,,,,"UNIQLO AUSTRALIA PTY LTD",,,"215493822",,,,,,,,,,,,,,,,,,,,"FUJITSU AUSTRALIA LTD",,,"2755276",,,"2 JULIUS AVENUE",,"NSW","2113",,,"NORTH RYDE",,,"AUSTRALIA",,,,,,,,,,,,,,,,,,,,,,,,,,,,,,,,,,,,,,,,,,,,,,,,,,,,,,,,,,,,,,,,,,,,,,,,,,,,,,,,,,,,,,,,,,,,,,,,,,,,,,,,,,,,,,,,,,,,,,
,,,,,,,,"1","2015",,,,,,,,,,,,,,,,,,,,,,,,,,,,,,,,,,,,,,,,,,,,,,,,,,,,,,,,,,,,,,,,,,,,,,,,,,,,,,,,,,,,,,,,,"UNIQLO AUSTRALIA PTY LTD",,,"215493822",,,,,,,,,,,,,,,,,,,,"FUJITSU AUSTRALIA LTD",,,"2755276",,,"2 JULIUS AVENUE",,"NSW","2113",,,"NORTH RYDE",,,"AUSTRALIA",,,,,,,,,,,,,,,,,,,,,,,,,,,,,,,,,,,,,,,,,,,,,,,,,,,,,,,,,,,,,,,,,,,,,,,,,,,,,,,,,,,,,,,,,,,,,,,,,,,,,,,,,,,,,,,,,,,,,,
,,,,,,,,"1","2015",,,,,,,,,,,,,,,,,,,,,,,,,,,,,,,,,,,,,,,,,,,,,,,,,,,,,,,,,,,,,,,,,,,,,,,,,,,,,,,,,,,,,,,,,"TEMASEK POLYTECHNIC",,,"1097838",,,,,,,,,,,,,,,,,,,,"FUJITSU ASIA PTE LTD",,,"120609194",,,"20 SCIENCE PARK ROAD",,,"117674",,,"SINGAPORE",,,"SINGAPORE",,,,,,,,,,,,,,,,,,,,,,,,,,,,,,,,,,,,,,,,,,,,,,,,,,,,,,,,,,,,,,,,,,,,,,,,,,,,,,,,,,,,,,,,,,,,,,,,,,,,,,,,,,,,,,,,,,,,,,
,,,,,,,,"1","2015",,,,,,,,,,,,,,,,,,,,,,,,,,,,,,,,,,,,,,,,,,,,,,,,,,,,,,,,,,,,,,,,,,,,,,,,,,,,,,,,,,,,,,,,,"TEMASEK POLYTECHNIC",,,"1097838",,,,,,,,,,,,,,,,,,,,"FUJITSU ASIA PTE LTD",,,"120609194",,,"20 SCIENCE PARK ROAD",,,"117674",,,"SINGAPORE",,,"SINGAPORE",,,,,,,,,,,,,,,,,,,,,,,,,,,,,,,,,,,,,,,,,,,,,,,,,,,,,,,,,,,,,,,,,,,,,,,,,,,,,,,,,,,,,,,,,,,,,,,,,,,,,,,,,,,,,,,,,,,,,,
,,,,,,,,"1","2015",,,,,,,,,,,,,,,,,,,,,,,,,,,,,,,,,,,,,,,,,,,,,,,,,,,,,,,,,,,,,,,,,,,,,,,,,,,,,,,,,,,,,,,,,"CHINA UNICOM SINGAPORE OPERATIONS PTE LTD",,,"186248321",,,,,,,,,,,,,,,,,,,,"RAVEL SYSTEMS PTE LTD",,,"135719780",,,"205 HENDERSON ROAD",,,"159549",,,"SINGAPORE",,,"SINGAPORE",,,,,,,,,,,,,,,,,,,,,,,,,,,,,,,,,,,,,,,,,,,,,,,,,,,,,,,,,,,,,,,,,,,,,,,,,,,,,,,,,,,,,,,,,,,,,,,,,,,,,,,,,,,,,,,,,,,,,,
,,,,,,,,"1","2015",,,,,,,,,,,,,,,,,,,,,,,,,,,,,,,,,,,,,,,,,,,,,,,,,,,,,,,,,,,,,,,,,,,,,,,,,,,,,,,,,,,,,,,,,"CRIMSONLOGIC PTE LTD",,,"1097722",,,,,,,,,,,,,,,,,,,,"FUJITSU ASIA PTE LTD",,,"120609194",,,"20 SCIENCE PARK ROAD",,,"117674",,,"SINGAPORE",,,"SINGAPORE",,,,,,,,,,,,,,,,,,,,,,,,,,,,,,,,,,,,,,,,,,,,,,,,,,,,,,,,,,,,,,,,,,,,,,,,,,,,,,,,,,,,,,,,,,,,,,,,,,,,,,,,,,,,,,,,,,,,,,
,,,,,,,,"1","2015",,,,,,,,,,,,,,,,,,,,,,,,,,,,,,,,,,,,,,,,,,,,,,,,,,,,,,,,,,,,,,,,,,,,,,,,,,,,,,,,,,,,,,,,,"TEMASEK POLYTECHNIC",,,"1097838",,,,,,,,,,,,,,,,,,,,"FUJITSU ASIA PTE LTD",,,"120609194",,,"20 SCIENCE PARK ROAD",,,"117674",,,"SINGAPORE",,,"SINGAPORE",,,,,,,,,,,,,,,,,,,,,,,,,,,,,,,,,,,,,,,,,,,,,,,,,,,,,,,,,,,,,,,,,,,,,,,,,,,,,,,,,,,,,,,,,,,,,,,,,,,,,,,,,,,,,,,,,,,,,,
,,,,,,,,"1","2015",,,,,,,,,,,,,,,,,,,,,,,,,,,,,,,,,,,,,,,,,,,,,,,,,,,,,,,,,,,,,,,,,,,,,,,,,,,,,,,,,,,,,,,,,"BANGKOK INDUSTRIAL GAS COMPANY LTD",,,"2158590",,,,,,,,,,,,,,,,,,,,"PLANET COMMUNICATIONS ASIA PUBLIC COMPANY LIMITED",,,"133482277",,,"157 SOI RAMINDRA 34, RAMINDRA ROAD",,,"10230",,,"BANGKOK",,,"THAILAND",,,,,,,,,,,,,,,,,,,,,,,,,,,,,,,,,,,,,,,,,,,,,,,,,,,,,,,,,,,,,,,,,,,,,,,,,,,,,,,,,,,,,,,,,,,,,,,,,,,,,,,,,,,,,,,,,,,,,,
,,,,,,,,"1","2015",,,,,,,,,,,,,,,,,,,,,,,,,,,,,,,,,,,,,,,,,,,,,,,,,,,,,,,,,,,,,,,,,,,,,,,,,,,,,,,,,,,,,,,,,"DEUTSCHE BANK AG",,,"202892977",,,,,,,,,,,,,,,,,,,,"WIPRO LTD",,,"121094743",,,"WIPRO INFOTECH",,"KAR.","560035",,,"BANGALORE",,,"INDIA",,,,,,,,,,,,,,,,,,,,,,,,,,,,,,,,,,,,,,,,,,,,,,,,,,,,,,,,,,,,,,,,,,,,,,,,,,,,,,,,,,,,,,,,,,,,,,,,,,,,,,,,,,,,,,,,,,,,,,
,,,,,,,,"1","2015",,,,,,,,,,,,,,,,,,,,,,,,,,,,,,,,,,,,,,,,,,,,,,,,,,,,,,,,,,,,,,,,,,,,,,,,,,,,,,,,,,,,,,,,,"SYNDROME TECHNOLOGIES",,,"207865185",,,,,,,,,,,,,,,,,,,,"WIPRO LTD",,,"121094743",,,"WIPRO INFOTECH",,"KAR.","560035",,,"BANGALORE",,,"INDIA",,,,,,,,,,,,,,,,,,,,,,,,,,,,,,,,,,,,,,,,,,,,,,,,,,,,,,,,,,,,,,,,,,,,,,,,,,,,,,,,,,,,,,,,,,,,,,,,,,,,,,,,,,,,,,,,,,,,,,
,,,,,,,,"1","2015",,,,,,,,,,,,,,,,,,,,,,,,,,,,,,,,,,,,,,,,,,,,,,,,,,,,,,,,,,,,,,,,,,,,,,,,,,,,,,,,,,,,,,,,,"ADELAIDE OVAL SMA LIMITED",,,"192412187",,,,,,,,,,,,,,,,,,,,"DIMENSION DATA AUSTRALIA PTY LTD",,,"1855398",,,"ATTN:ACCOUNTS PAYABLE",,"NSW","2001",,,"SYDNEY",,,"AUSTRALIA",,,,,,,,,,,,,,,,,,,,,,,,,,,,,,,,,,,,,,,,,,,,,,,,,,,,,,,,,,,,,,,,,,,,,,,,,,,,,,,,,,,,,,,,,,,,,,,,,,,,,,,,,,,,,,,,,,,,,,
,,,,,,,,"1","2015",,,,,,,,,,,,,,,,,,,,,,,,,,,,,,,,,,,,,,,,,,,,,,,,,,,,,,,,,,,,,,,,,,,,,,,,,,,,,,,,,,,,,,,,,"HATHWAY CABLE AND DATACOM LTD",,,"111641644",,,,,,,,,,,,,,,,,,,,"PROACTIVE DATA SYSTEMS PRIVATE LIMITED",,,"133989928",,,"SECOND FLOOR, ADMINISTRATIVE BUILDING (GE_IN),",,"DELHI","110020",,,"NEW DELHI",,,"INDIA",,,,,,,,,,,,,,,,,,,,,,,,,,,,,,,,,,,,,,,,,,,,,,,,,,,,,,,,,,,,,,,,,,,,,,,,,,,,,,,,,,,,,,,,,,,,,,,,,,,,,,,,,,,,,,,,,,,,,,
,,,,,,,,"1","2015",,,,,,,,,,,,,,,,,,,,,,,,,,,,,,,,,,,,,,,,,,,,,,,,,,,,,,,,,,,,,,,,,,,,,,,,,,,,,,,,,,,,,,,,,"UNIVERSITI UTARA MALAYSIA",,,"1719504",,,,,,,,,,,,,,,,,,,,"KTPC TECHNOLOGIES SDN BHD",,,"135939195",,,"1ST FLOOR KHTP TECHNO CENTRE",,"KEDAH","9000",,,"KULIM",,,"MALAYSIA",,,,,,,,,,,,,,,,,,,,,,,,,,,,,,,,,,,,,,,,,,,,,,,,,,,,,,,,,,,,,,,,,,,,,,,,,,,,,,,,,,,,,,,,,,,,,,,,,,,,,,,,,,,,,,,,,,,,,,
,,,,,,,,"1","2015",,,,,,,,,,,,,,,,,,,,,,,,,,,,,,,,,,,,,,,,,,,,,,,,,,,,,,,,,,,,,,,,,,,,,,,,,,,,,,,,,,,,,,,,,"ABB INDIA LTD",,,"1098510",,,,,,,,,,,,,,,,,,,,"DIMENSION DATA INDIA LIMITED",,,"121799324",,,"2ND FLOOR, TRADE VIEW",,"MH","400 013",,,"MUMBAI",,,"INDIA",,,,,,,,,,,,,,,,,,,,,,,,,,,,,,,,,,,,,,,,,,,,,,,,,,,,,,,,,,,,,,,,,,,,,,,,,,,,,,,,,,,,,,,,,,,,,,,,,,,,,,,,,,,,,,,,,,,,,,
,,,,,,,,"1","2015",,,,,,,,,,,,,,,,,,,,,,,,,,,,,,,,,,,,,,,,,,,,,,,,,,,,,,,,,,,,,,,,,,,,,,,,,,,,,,,,,,,,,,,,,"BHARAT COOPERATIVE BANK",,,"92710029",,,,,,,,,,,,,,,,,,,,"IBM INDIA PVT LTD",,,"120310039",,,"SUBRAMANYA ARCADE #12",,"KA","560029",,,"BANGALORE",,,"INDIA",,,,,,,,,,,,,,,,,,,,,,,,,,,,,,,,,,,,,,,,,,,,,,,,,,,,,,,,,,,,,,,,,,,,,,,,,,,,,,,,,,,,,,,,,,,,,,,,,,,,,,,,,,,,,,,,,,,,,,
,,,,,,,,"1","2015",,,,,,,,,,,,,,,,,,,,,,,,,,,,,,,,,,,,,,,,,,,,,,,,,,,,,,,,,,,,,,,,,,,,,,,,,,,,,,,,,,,,,,,,,"BHARAT COOPERATIVE BANK",,,"92710029",,,,,,,,,,,,,,,,,,,,"IBM INDIA PVT LTD",,,"120310039",,,"SUBRAMANYA ARCADE #12",,"KA","560029",,,"BANGALORE",,,"INDIA",,,,,,,,,,,,,,,,,,,,,,,,,,,,,,,,,,,,,,,,,,,,,,,,,,,,,,,,,,,,,,,,,,,,,,,,,,,,,,,,,,,,,,,,,,,,,,,,,,,,,,,,,,,,,,,,,,,,,,
,,,,,,,,"1","2015",,,,,,,,,,,,,,,,,,,,,,,,,,,,,,,,,,,,,,,,,,,,,,,,,,,,,,,,,,,,,,,,,,,,,,,,,,,,,,,,,,,,,,,,,"VIRGIN AUSTRALIA REGIONAL AIRLINES PTY LTD",,,"879534",,,,,,,,,,,,,,,,,,,,"ALPHAWEST SERVICES PTY LTD",,,"402897787",,,"LEVEL 5 700 COLLINS STREET DOCKLANDS",,"VIC","3008",,,"MELBOURNE",,,"AUSTRALIA",,,,,,,,,,,,,,,,,,,,,,,,,,,,,,,,,,,,,,,,,,,,,,,,,,,,,,,,,,,,,,,,,,,,,,,,,,,,,,,,,,,,,,,,,,,,,,,,,,,,,,,,,,,,,,,,,,,,,,
,,,,,,,,"1","2015",,,,,,,,,,,,,,,,,,,,,,,,,,,,,,,,,,,,,,,,,,,,,,,,,,,,,,,,,,,,,,,,,,,,,,,,,,,,,,,,,,,,,,,,,"VIRGIN AUSTRALIA REGIONAL AIRLINES PTY LTD",,,"879534",,,,,,,,,,,,,,,,,,,,"ALPHAWEST SERVICES PTY LTD",,,"402897787",,,"LEVEL 5 700 COLLINS STREET DOCKLANDS",,"VIC","3008",,,"MELBOURNE",,,"AUSTRALIA",,,,,,,,,,,,,,,,,,,,,,,,,,,,,,,,,,,,,,,,,,,,,,,,,,,,,,,,,,,,,,,,,,,,,,,,,,,,,,,,,,,